date,marketing_spend,discount,foot_traffic,competitor_price,day_of_week,month,sales
2020-01-01,4174,14.23,658,27.76,2,1,800.73
2020-01-02,4507,25.86,778,31.27,3,1,855.07
2020-01-03,1860,25.34,551,44.94,4,1,429.14
2020-01-04,2294,9.57,388,49.82,5,1,398.22
2020-01-05,2130,24.87,240,33.31,6,1,534.97
2020-01-06,2095,1.11,183,42.5,0,1,123.61
2020-01-07,4772,17.89,793,23.08,1,1,716.51
2020-01-08,4092,6.9,490,22.23,2,1,566.26
2020-01-09,2638,3.62,690,26.11,3,1,472.23
2020-01-10,3169,2.31,314,36.9,4,1,366.41
2020-01-11,1466,20.89,625,37.29,5,1,704.85
2020-01-12,2238,10.2,314,22.61,6,1,596.52
2020-01-13,1330,21.74,502,15.33,0,1,521.98
2020-01-14,2482,1.96,227,35.3,1,1,277.87
2020-01-15,3135,9.46,921,15.13,2,1,756.78
2020-01-16,4444,16.18,576,33.14,3,1,592.67
2020-01-17,4171,23.72,859,37.74,4,1,714.65
2020-01-18,3919,9.56,503,38.02,5,1,709.06
2020-01-19,4735,18.78,128,40.14,6,1,580.09
2020-01-20,1130,26.58,891,44.91,0,1,632.76
2020-01-21,2685,18.48,437,30.0,1,1,465.76
2020-01-22,4380,6.99,930,39.21,2,1,589.9
2020-01-23,1769,0.73,813,34.77,3,1,417.2
2020-01-24,3391,26.1,460,17.47,4,1,668.84
2020-01-25,2515,0.64,668,11.03,5,1,652.58
2020-01-26,4485,26.24,491,21.38,6,1,940.28
2020-01-27,3853,15.87,317,27.72,0,1,423.36
2020-01-28,3433,28.17,673,34.68,1,1,636.8
2020-01-29,2215,23.96,768,44.0,2,1,623.21
2020-01-30,1955,29.94,301,17.85,3,1,598.59
2020-01-31,3324,10.52,116,15.02,4,1,402.07
2020-02-01,2184,23.02,421,48.54,5,2,575.56
2020-02-02,1459,12.06,617,14.32,6,2,762.81
2020-02-03,4385,14.4,669,29.14,0,2,736.11
2020-02-04,1021,18.83,424,33.42,1,2,496.99
2020-02-05,3300,26.21,511,31.65,2,2,760.34
2020-02-06,1747,29.52,417,13.44,3,2,691.77
2020-02-07,3904,23.05,780,12.28,4,2,897.03
2020-02-08,4632,12.53,181,14.22,5,2,810.48
2020-02-09,1474,12.64,573,33.42,6,2,612.0
2020-02-10,2082,22.13,567,31.77,0,2,605.5
2020-02-11,3558,7.16,524,19.35,1,2,696.53
2020-02-12,4753,3.31,830,35.51,2,2,752.76
2020-02-13,3047,10.64,788,42.8,3,2,627.34
2020-02-14,4547,8.62,303,11.66,4,2,579.45
2020-02-15,3747,8.89,682,29.93,5,2,880.12
2020-02-16,1975,7.01,486,37.57,6,2,593.36
2020-02-17,2806,1.26,877,20.09,0,2,672.07
2020-02-18,1189,0.54,197,22.31,1,2,333.19
2020-02-19,4005,29.63,444,34.55,2,2,803.14
2020-02-20,3734,12.83,902,45.92,3,2,796.85
2020-02-21,4005,11.53,307,42.4,4,2,479.06
2020-02-22,1562,20.39,613,33.33,5,2,806.45
2020-02-23,2899,6.55,735,39.21,6,2,811.16
2020-02-24,4638,28.5,891,24.59,0,2,1049.69
2020-02-25,2267,23.59,685,35.64,1,2,662.5
2020-02-26,3879,2.68,265,28.65,2,2,412.47
2020-02-27,2528,12.53,121,17.6,3,2,457.01
2020-02-28,4202,26.37,253,38.07,4,2,547.2
2020-02-29,4556,28.34,538,32.26,5,2,1051.96
2020-03-01,4890,14.02,394,24.34,6,3,1025.28
2020-03-02,1646,18.4,318,46.45,0,3,299.18
2020-03-03,3068,5.01,768,10.84,1,3,891.19
2020-03-04,3888,29.74,594,22.63,2,3,1009.45
2020-03-05,3214,6.95,329,12.28,3,3,589.94
2020-03-06,2297,28.28,119,40.66,4,3,512.7
2020-03-07,3435,19.49,652,38.08,5,3,979.6
2020-03-08,1600,18.23,247,23.25,6,3,730.33
2020-03-09,3363,15.38,207,37.03,0,3,539.03
2020-03-10,3061,6.92,502,25.84,1,3,534.73
2020-03-11,1241,5.3,695,40.25,2,3,509.56
2020-03-12,3041,6.61,582,28.17,3,3,615.75
2020-03-13,3824,5.59,466,26.49,4,3,621.31
2020-03-14,4417,23.39,933,47.39,5,3,1182.41
2020-03-15,3612,10.5,513,20.04,6,3,1020.36
2020-03-16,3945,1.74,408,14.82,0,3,682.21
2020-03-17,2363,29.07,901,33.38,1,3,900.59
2020-03-18,3139,26.51,934,48.77,2,3,813.62
2020-03-19,2390,27.83,233,25.11,3,3,622.96
2020-03-20,4003,29.85,818,12.48,4,3,1160.24
2020-03-21,2478,5.22,382,23.57,5,3,668.05
2020-03-22,4499,11.89,877,30.24,6,3,1241.28
2020-03-23,3556,22.75,172,16.48,0,3,727.59
2020-03-24,1775,20.88,580,36.32,1,3,686.16
2020-03-25,1034,4.62,451,49.91,2,3,292.85
2020-03-26,3253,24.47,659,28.07,3,3,789.35
2020-03-27,4152,6.73,425,24.19,4,3,633.37
2020-03-28,2955,6.71,844,26.03,5,3,1050.27
2020-03-29,2585,16.11,542,14.61,6,3,983.18
2020-03-30,4943,17.79,199,45.33,0,3,582.49
2020-03-31,4459,17.4,158,26.59,1,3,604.4
2020-04-01,4073,2.74,607,25.49,2,4,651.75
2020-04-02,2021,26.32,357,36.39,3,4,608.09
2020-04-03,4461,7.97,512,27.68,4,4,734.6
2020-04-04,3613,3.89,551,35.93,5,4,731.92
2020-04-05,2129,26.66,164,12.46,6,4,872.19
2020-04-06,4843,28.67,694,42.55,0,4,910.3
2020-04-07,4893,25.86,253,47.62,1,4,725.02
2020-04-08,2500,24.29,365,35.95,2,4,616.47
2020-04-09,1702,19.66,920,48.18,3,4,812.92
2020-04-10,3449,16.53,178,16.06,4,4,720.68
2020-04-11,3777,2.61,414,29.1,5,4,722.38
2020-04-12,2579,12.25,761,34.07,6,4,897.7
2020-04-13,1161,11.18,659,33.27,0,4,473.88
2020-04-14,1201,7.79,990,26.06,1,4,690.93
2020-04-15,2981,21.7,347,23.52,2,4,638.32
2020-04-16,1995,14.88,889,15.07,3,4,977.62
2020-04-17,3317,2.43,967,25.67,4,4,842.67
2020-04-18,4934,6.61,709,16.51,5,4,1203.51
2020-04-19,1815,20.5,513,39.37,6,4,671.55
2020-04-20,4342,2.28,124,18.35,0,4,451.27
2020-04-21,1455,25.54,383,12.34,1,4,783.44
2020-04-22,4533,14.85,548,32.09,2,4,799.81
2020-04-23,4798,14.42,980,33.81,3,4,1004.29
2020-04-24,2275,17.77,400,44.88,4,4,537.25
2020-04-25,2016,24.74,167,33.08,5,4,758.0
2020-04-26,4773,10.43,106,23.82,6,4,741.72
2020-04-27,3343,20.34,916,42.12,0,4,894.84
2020-04-28,4796,16.97,236,31.61,1,4,675.13
2020-04-29,3767,8.01,263,13.17,2,4,758.92
2020-04-30,4820,26.36,182,32.63,3,4,624.98
2020-05-01,1337,23.92,996,46.32,4,5,821.58
2020-05-02,1878,19.75,749,25.85,5,5,1013.38
2020-05-03,2076,25.52,519,21.85,6,5,1021.26
2020-05-04,1791,26.02,172,15.74,0,5,581.67
2020-05-05,4993,21.25,336,16.06,1,5,846.37
2020-05-06,3264,25.11,145,27.31,2,5,647.24
2020-05-07,1763,20.92,717,33.83,3,5,877.78
2020-05-08,3235,20.4,899,13.22,4,5,1071.5
2020-05-09,1379,18.56,361,47.58,5,5,488.07
2020-05-10,1492,22.58,275,40.21,6,5,575.32
2020-05-11,4112,4.76,265,33.46,0,5,459.0
2020-05-12,2180,26.43,756,43.14,1,5,675.07
2020-05-13,3062,26.16,941,13.21,2,5,1082.94
2020-05-14,4884,0.88,469,29.07,3,5,658.3
2020-05-15,1064,24.77,894,35.2,4,5,733.72
2020-05-16,4928,3.87,153,43.15,5,5,581.09
2020-05-17,4910,10.05,789,41.34,6,5,1064.09
2020-05-18,3568,22.31,518,21.08,0,5,793.03
2020-05-19,2367,4.82,855,47.64,1,5,573.39
2020-05-20,2152,24.54,606,14.97,2,5,925.8
2020-05-21,3027,24.96,440,45.01,3,5,669.15
2020-05-22,3695,15.22,226,48.84,4,5,444.84
2020-05-23,2495,0.19,508,17.09,5,5,715.36
2020-05-24,4134,8.61,466,38.88,6,5,769.6
2020-05-25,2162,18.51,370,11.61,0,5,662.4
2020-05-26,2522,29.44,743,26.22,1,5,811.52
2020-05-27,3640,18.95,704,30.65,2,5,936.07
2020-05-28,1391,7.79,478,33.23,3,5,457.48
2020-05-29,2698,19.02,172,47.44,4,5,421.38
2020-05-30,1418,16.2,347,36.89,5,5,578.25
2020-05-31,3336,23.4,959,29.25,6,5,1259.21
2020-06-01,1378,3.21,884,42.39,0,6,492.38
2020-06-02,2796,22.83,142,48.02,1,6,310.04
2020-06-03,4561,16.24,476,10.88,2,6,911.89
2020-06-04,3278,28.89,140,49.3,3,6,403.47
2020-06-05,4065,10.26,269,13.45,4,6,552.93
2020-06-06,3088,18.98,311,42.58,5,6,602.53
2020-06-07,4099,27.96,592,21.21,6,6,1199.66
2020-06-08,3182,3.08,779,15.29,0,6,712.42
2020-06-09,1200,28.12,138,27.59,1,6,400.68
2020-06-10,2863,20.64,468,35.76,2,6,656.87
2020-06-11,1779,2.04,856,25.24,3,6,636.21
2020-06-12,3977,9.03,250,12.18,4,6,613.62
2020-06-13,4104,21.25,210,33.98,5,6,767.24
2020-06-14,4119,2.02,579,46.1,6,6,752.45
2020-06-15,1502,17.47,535,25.33,0,6,686.76
2020-06-16,3454,10.38,146,18.65,1,6,449.64
2020-06-17,4645,18.63,674,27.7,2,6,900.4
2020-06-18,2751,1.37,836,11.93,3,6,735.9
2020-06-19,1804,26.15,465,42.82,4,6,566.92
2020-06-20,3146,29.2,168,43.05,5,6,577.48
2020-06-21,3731,29.07,398,33.52,6,6,904.45
2020-06-22,2895,22.49,901,24.12,0,6,838.47
2020-06-23,3773,3.9,395,41.99,1,6,464.5
2020-06-24,2570,22.75,302,32.19,2,6,594.45
2020-06-25,1960,0.74,160,43.04,3,6,71.9
2020-06-26,4810,0.66,929,35.26,4,6,736.18
2020-06-27,3660,9.71,413,41.38,5,6,682.48
2020-06-28,2485,14.66,260,33.94,6,6,552.5
2020-06-29,3690,23.11,430,26.57,0,6,736.31
2020-06-30,4840,20.5,627,48.32,1,6,725.04
2020-07-01,2028,13.38,437,31.64,2,7,442.08
2020-07-02,4289,8.21,705,34.2,3,7,577.54
2020-07-03,1502,29.91,403,18.82,4,7,520.68
2020-07-04,3814,12.79,602,35.03,5,7,670.17
2020-07-05,1397,13.54,749,32.86,6,7,702.97
2020-07-06,1870,4.91,437,17.39,0,7,421.57
2020-07-07,3842,23.84,649,12.38,1,7,773.61
2020-07-08,1392,20.81,738,34.17,2,7,539.22
2020-07-09,1206,6.62,374,40.55,3,7,244.89
2020-07-10,2038,2.47,263,30.94,4,7,324.54
2020-07-11,2881,20.41,542,19.07,5,7,800.7
2020-07-12,4625,19.64,418,36.66,6,7,676.84
2020-07-13,3939,8.2,688,13.2,0,7,708.89
2020-07-14,2484,28.53,603,27.67,1,7,645.0
2020-07-15,4762,4.53,785,16.53,2,7,707.25
2020-07-16,4646,12.97,486,17.38,3,7,723.95
2020-07-17,1863,28.31,969,18.09,4,7,815.73
2020-07-18,3790,12.59,932,25.47,5,7,970.86
2020-07-19,4312,19.16,987,12.05,6,7,1115.49
2020-07-20,1563,11.93,702,25.91,0,7,513.83
2020-07-21,2020,8.23,849,30.47,1,7,584.55
2020-07-22,1095,29.52,875,29.33,2,7,616.48
2020-07-23,2923,12.28,790,25.31,3,7,643.88
2020-07-24,2757,26.82,593,43.57,4,7,576.84
2020-07-25,3532,6.9,589,15.81,5,7,766.89
2020-07-26,4478,6.39,820,30.23,6,7,899.34
2020-07-27,3278,0.93,172,12.48,0,7,394.49
2020-07-28,3796,19.55,608,12.85,1,7,799.07
2020-07-29,2678,11.06,489,32.95,2,7,403.49
2020-07-30,4242,25.93,718,32.64,3,7,750.34
2020-07-31,1540,14.2,956,45.12,4,7,551.59
2020-08-01,2059,29.05,394,32.31,5,8,533.67
2020-08-02,3572,5.57,468,48.39,6,8,454.86
2020-08-03,2183,26.06,895,11.95,0,8,809.73
2020-08-04,4910,23.3,964,13.92,1,8,804.85
2020-08-05,2722,23.13,793,11.76,2,8,687.83
2020-08-06,4314,25.34,648,17.41,3,8,676.23
2020-08-07,4157,22.83,748,31.65,4,8,586.05
2020-08-08,2819,18.79,949,35.82,5,8,673.32
2020-08-09,3625,3.94,667,11.82,6,8,650.29
2020-08-10,3729,0.98,286,47.84,0,8,159.44
2020-08-11,3604,27.63,952,43.69,1,8,734.24
2020-08-12,2597,18.5,869,21.86,2,8,602.95
2020-08-13,4060,23.9,544,13.09,3,8,617.09
2020-08-14,3693,14.45,669,16.8,4,8,625.72
2020-08-15,1795,3.52,462,15.08,5,8,416.1
2020-08-16,2051,3.76,222,14.93,6,8,344.8
2020-08-17,2643,20.57,287,30.74,0,8,392.51
2020-08-18,4627,12.91,841,19.83,1,8,707.51
2020-08-19,2363,6.02,779,24.33,2,8,497.9
2020-08-20,4869,14.75,519,49.58,3,8,455.38
2020-08-21,2981,1.93,725,37.37,4,8,401.36
2020-08-22,2354,17.46,351,47.96,5,8,415.58
2020-08-23,2663,8.07,718,15.7,6,8,680.15
2020-08-24,2529,23.93,648,25.29,0,8,501.54
2020-08-25,3038,9.31,434,32.19,1,8,375.49
2020-08-26,4419,13.66,191,13.07,2,8,406.38
2020-08-27,2496,0.35,629,10.17,3,8,453.15
2020-08-28,4302,2.17,965,36.82,4,8,515.21
2020-08-29,3237,11.77,162,35.67,5,8,505.41
2020-08-30,4296,14.4,761,26.43,6,8,773.97
2020-08-31,2408,18.0,611,29.59,0,8,406.53
2020-09-01,2400,8.75,238,26.62,1,9,253.92
2020-09-02,2306,20.85,797,10.96,2,9,578.22
2020-09-03,3680,25.8,284,23.41,3,9,518.13
2020-09-04,3675,23.4,304,17.08,4,9,419.9
2020-09-05,1972,1.19,871,13.94,5,9,485.55
2020-09-06,2768,14.42,313,48.27,6,9,365.68
2020-09-07,2282,3.15,355,33.97,0,9,161.47
2020-09-08,4430,7.26,234,39.15,1,9,257.58
2020-09-09,1709,29.6,672,22.61,2,9,488.95
2020-09-10,2479,4.27,974,25.73,3,9,454.79
2020-09-11,2434,14.97,921,19.48,4,9,561.81
2020-09-12,1648,18.54,187,13.88,5,9,385.52
2020-09-13,1317,21.07,935,17.16,6,9,681.67
2020-09-14,4748,16.79,306,41.9,0,9,357.99
2020-09-15,4296,0.29,228,37.1,1,9,246.44
2020-09-16,4890,9.79,922,31.88,2,9,546.91
2020-09-17,2257,15.53,102,29.0,3,9,268.2
2020-09-18,1683,2.64,853,46.9,4,9,347.12
2020-09-19,1663,10.52,220,12.91,5,9,395.63
2020-09-20,2998,1.0,484,21.22,6,9,451.22
2020-09-21,4898,2.36,713,24.0,0,9,386.45
2020-09-22,4445,11.91,137,41.3,1,9,273.29
2020-09-23,4743,3.98,440,49.7,2,9,317.46
2020-09-24,2631,17.03,744,19.63,3,9,530.32
2020-09-25,2495,20.68,813,44.97,4,9,402.51
2020-09-26,4304,24.02,959,43.22,5,9,712.62
2020-09-27,4763,6.0,120,18.99,6,9,393.97
2020-09-28,2136,5.02,341,25.97,0,9,288.5
2020-09-29,2853,3.14,554,26.39,1,9,390.27
2020-09-30,2520,19.09,720,49.13,2,9,365.34
2020-10-01,3489,21.19,402,17.24,3,10,478.44
2020-10-02,1563,0.95,695,41.97,4,10,253.9
2020-10-03,2291,28.09,694,23.37,5,10,630.79
2020-10-04,4581,1.56,902,39.23,6,10,541.03
2020-10-05,4878,16.24,168,26.8,0,10,392.24
2020-10-06,4457,21.27,228,33.13,1,10,379.27
2020-10-07,4458,26.13,295,43.3,2,10,487.18
2020-10-08,4184,21.42,239,42.17,3,10,283.13
2020-10-09,2636,24.05,543,44.66,4,10,388.6
2020-10-10,4696,10.18,382,12.38,5,10,526.04
2020-10-11,3999,24.44,411,37.68,6,10,476.6
2020-10-12,4152,2.4,845,15.6,0,10,480.24
2020-10-13,1698,26.84,634,26.63,1,10,440.93
2020-10-14,3160,16.43,764,31.94,2,10,590.62
2020-10-15,1001,24.52,376,26.11,3,10,317.03
2020-10-16,1641,13.57,160,30.78,4,10,153.97
2020-10-17,3267,19.31,418,49.86,5,10,410.14
2020-10-18,2589,15.79,989,15.41,6,10,600.92
2020-10-19,1854,21.95,151,37.02,0,10,235.92
2020-10-20,2759,2.45,955,25.84,1,10,428.04
2020-10-21,4296,1.81,252,15.32,2,10,357.17
2020-10-22,3432,7.41,848,16.35,3,10,530.53
2020-10-23,4474,4.79,410,47.97,4,10,245.12
2020-10-24,2661,26.15,913,45.18,5,10,612.69
2020-10-25,2153,6.58,643,46.28,6,10,313.0
2020-10-26,2076,29.28,666,49.66,0,10,332.87
2020-10-27,2707,10.11,963,18.33,1,10,512.31
2020-10-28,3777,5.46,488,24.22,2,10,290.99
2020-10-29,2695,23.69,647,36.77,3,10,398.73
2020-10-30,2733,19.76,721,29.35,4,10,395.71
2020-10-31,2439,14.95,276,26.74,5,10,408.08
2020-11-01,3294,16.66,461,24.31,6,11,629.73
2020-11-02,1835,21.58,413,33.75,0,11,276.0
2020-11-03,4510,6.85,906,33.02,1,11,408.91
2020-11-04,1202,29.89,947,16.46,2,11,582.75
2020-11-05,4255,29.24,196,28.87,3,11,430.65
2020-11-06,1122,19.51,980,32.14,4,11,487.23
2020-11-07,1400,5.99,312,32.81,5,11,245.8
2020-11-08,1766,20.41,928,18.4,6,11,693.12
2020-11-09,1293,2.17,236,39.69,0,11,150.07
2020-11-10,3327,0.92,105,11.01,1,11,318.98
2020-11-11,4908,7.73,208,24.19,2,11,249.75
2020-11-12,3931,13.88,646,41.21,3,11,396.01
2020-11-13,4681,26.05,138,32.56,4,11,406.59
2020-11-14,1197,21.82,761,20.45,5,11,566.61
2020-11-15,4029,22.28,524,37.8,6,11,664.21
2020-11-16,2930,12.76,729,32.7,0,11,395.13
2020-11-17,4582,10.38,360,41.85,1,11,328.71
2020-11-18,3799,11.13,525,39.4,2,11,391.97
2020-11-19,3191,29.63,186,34.4,3,11,339.77
2020-11-20,1608,1.2,564,29.53,4,11,180.06
2020-11-21,4272,26.01,175,15.33,5,11,570.4
2020-11-22,2147,17.36,570,20.45,6,11,601.85
2020-11-23,1186,13.16,513,26.76,0,11,305.84
2020-11-24,4397,21.76,924,33.97,1,11,545.13
2020-11-25,3511,14.6,994,30.55,2,11,591.96
2020-11-26,4420,26.2,825,21.53,3,11,614.83
2020-11-27,2794,27.02,556,10.26,4,11,512.59
2020-11-28,1659,12.65,384,29.85,5,11,381.32
2020-11-29,3811,8.3,338,21.43,6,11,505.29
2020-11-30,4002,17.77,776,39.38,0,11,604.46
2020-12-01,2955,27.37,698,10.96,1,12,713.82
2020-12-02,3450,6.32,752,33.39,2,12,531.35
2020-12-03,2369,18.69,771,47.66,3,12,432.06
2020-12-04,2986,18.95,657,16.98,4,12,525.68
2020-12-05,2534,21.99,471,28.87,5,12,607.24
2020-12-06,1146,3.95,594,13.66,6,12,511.66
2020-12-07,4219,21.47,723,35.03,0,12,538.36
2020-12-08,3911,27.27,144,32.02,1,12,425.77
2020-12-09,2734,5.39,500,26.29,2,12,401.06
2020-12-10,2843,7.13,346,30.86,3,12,343.81
2020-12-11,1488,29.14,715,45.86,4,12,504.8
2020-12-12,3976,5.43,696,17.85,5,12,712.22
2020-12-13,2959,25.63,549,10.9,6,12,768.14
2020-12-14,2663,14.77,584,44.47,0,12,367.48
2020-12-15,3598,7.42,745,33.08,1,12,426.09
2020-12-16,3385,26.12,719,45.63,2,12,631.28
2020-12-17,3919,13.36,117,33.88,3,12,323.87
2020-12-18,1640,15.44,705,42.41,4,12,392.95
2020-12-19,2802,10.78,761,27.19,5,12,610.79
2020-12-20,3520,17.79,857,39.99,6,12,877.34
2020-12-21,2969,4.91,388,46.52,0,12,210.08
2020-12-22,3198,11.73,513,32.88,1,12,398.91
2020-12-23,2438,29.08,820,17.23,2,12,697.73
2020-12-24,4369,7.74,737,20.75,3,12,600.74
2020-12-25,2634,19.7,334,17.95,4,12,501.11
2020-12-26,1262,9.76,515,19.87,5,12,585.17
2020-12-27,2787,23.2,598,22.26,6,12,746.76
2020-12-28,3191,3.93,733,32.21,0,12,391.86
2020-12-29,3393,29.09,749,33.52,1,12,611.4
2020-12-30,1623,13.61,214,27.06,2,12,304.7
2020-12-31,2016,7.08,773,34.62,3,12,522.94
2021-01-01,4643,2.2,812,13.26,4,1,638.38
2021-01-02,1880,5.09,333,13.51,5,1,580.63
2021-01-03,3049,15.59,639,16.87,6,1,851.95
2021-01-04,3944,10.11,110,30.72,0,1,410.36
2021-01-05,2327,24.87,305,18.56,1,1,539.38
2021-01-06,3301,12.93,778,21.33,2,1,630.88
2021-01-07,4723,7.46,346,26.01,3,1,541.72
2021-01-08,1452,18.51,658,42.47,4,1,504.26
2021-01-09,4108,21.2,857,10.55,5,1,1173.17
2021-01-10,2183,5.01,226,35.98,6,1,337.03
2021-01-11,4062,5.03,246,36.76,0,1,327.96
2021-01-12,3056,1.1,217,41.95,1,1,160.73
2021-01-13,4304,22.09,481,47.31,2,1,588.75
2021-01-14,4170,19.91,511,10.81,3,1,739.38
2021-01-15,2682,14.24,763,16.15,4,1,624.17
2021-01-16,3863,25.33,683,45.45,5,1,807.3
2021-01-17,3255,24.17,462,28.34,6,1,755.63
2021-01-18,2154,17.56,608,32.58,0,1,454.32
2021-01-19,1403,26.05,236,36.52,1,1,349.45
2021-01-20,3199,6.18,274,37.16,2,1,276.45
2021-01-21,3101,3.36,388,47.27,3,1,280.14
2021-01-22,4191,8.09,580,49.88,4,1,419.97
2021-01-23,2696,1.71,118,38.81,5,1,180.82
2021-01-24,4991,15.94,294,21.49,6,1,864.47
2021-01-25,1627,28.1,429,45.19,0,1,514.41
2021-01-26,1586,1.18,274,11.97,1,1,299.55
2021-01-27,2648,3.66,548,19.24,2,1,498.31
2021-01-28,2443,13.57,453,45.9,3,1,403.27
2021-01-29,2445,28.02,598,20.25,4,1,743.9
2021-01-30,1103,9.48,240,18.83,5,1,391.84
2021-01-31,4923,15.22,857,15.53,6,1,1137.59
2021-02-01,1253,1.25,996,44.36,0,2,489.19
2021-02-02,4298,4.45,192,30.0,1,2,367.09
2021-02-03,4183,29.6,338,37.0,2,2,721.79
2021-02-04,3557,28.95,304,19.56,3,2,792.79
2021-02-05,2496,0.15,659,40.32,4,2,575.57
2021-02-06,1098,28.55,532,40.4,5,2,678.74
2021-02-07,3200,19.17,344,22.5,6,2,839.96
2021-02-08,2884,26.04,931,26.43,0,2,891.19
2021-02-09,3961,13.64,416,18.39,1,2,708.06
2021-02-10,2919,15.47,394,49.06,2,2,365.75
2021-02-11,1877,14.67,739,35.82,3,2,543.66
2021-02-12,1337,20.01,955,47.38,4,2,618.99
2021-02-13,4777,4.19,381,22.14,5,2,772.51
2021-02-14,3869,0.9,116,41.28,6,2,327.74
2021-02-15,4234,9.24,170,40.63,0,2,435.95
2021-02-16,4791,21.14,368,37.67,1,2,704.02
2021-02-17,1956,6.06,424,48.63,2,2,343.6
2021-02-18,2704,20.2,893,25.74,3,2,915.05
2021-02-19,1160,29.1,404,15.23,4,2,683.46
2021-02-20,2603,2.82,550,36.87,5,2,519.73
2021-02-21,3848,20.18,106,39.17,6,2,666.71
2021-02-22,1397,13.31,413,33.0,0,2,402.76
2021-02-23,2300,26.04,916,18.27,1,2,963.67
2021-02-24,1815,5.31,202,30.18,2,2,381.34
2021-02-25,4987,20.78,920,22.49,3,2,1024.65
2021-02-26,2527,25.14,292,27.1,4,2,510.32
2021-02-27,2919,28.34,852,35.81,5,2,1052.04
2021-02-28,2415,20.5,673,39.81,6,2,895.69
2021-03-01,2158,14.92,628,19.29,0,3,724.72
2021-03-02,2218,18.54,270,26.21,1,3,553.4
2021-03-03,1400,26.07,636,20.77,2,3,830.49
2021-03-04,1639,17.12,350,17.95,3,3,625.88
2021-03-05,4104,0.91,864,41.34,4,3,708.62
2021-03-06,3735,27.93,486,46.37,5,3,927.55
2021-03-07,1459,20.69,306,24.81,6,3,699.72
2021-03-08,1954,20.3,640,40.05,0,3,692.71
2021-03-09,4954,6.47,728,45.88,1,3,734.76
2021-03-10,1469,19.77,515,43.84,2,3,514.19
2021-03-11,4446,11.82,893,17.31,3,3,1046.16
2021-03-12,2045,19.54,479,48.25,4,3,508.67
2021-03-13,3797,3.2,243,25.07,5,3,591.71
2021-03-14,2693,19.74,124,23.57,6,3,656.92
2021-03-15,3085,29.98,921,12.5,0,3,1084.92
2021-03-16,3277,1.45,767,29.45,1,3,660.36
2021-03-17,4436,29.32,172,14.36,2,3,884.74
2021-03-18,1562,12.21,731,19.94,3,3,675.88
2021-03-19,3485,26.12,923,22.68,4,3,1066.46
2021-03-20,2799,23.47,932,42.35,5,3,1095.18
2021-03-21,4354,17.01,192,45.02,6,3,651.07
2021-03-22,3074,22.15,604,22.1,0,3,758.53
2021-03-23,1225,26.36,697,44.35,1,3,655.61
2021-03-24,4348,12.12,435,44.29,2,3,578.58
2021-03-25,1797,9.81,524,40.59,3,3,499.45
2021-03-26,4680,20.03,598,15.87,4,3,961.16
2021-03-27,3331,24.24,463,37.61,5,3,853.24
2021-03-28,3926,22.87,729,47.8,6,3,1089.01
2021-03-29,1959,23.93,844,37.3,0,3,817.44
2021-03-30,2504,13.07,298,23.26,1,3,554.93
2021-03-31,1452,24.54,817,30.02,2,3,812.83
2021-04-01,4067,3.61,512,35.83,3,4,569.32
2021-04-02,4900,16.33,438,30.42,4,4,789.28
2021-04-03,1815,0.17,758,14.8,5,4,904.85
2021-04-04,1658,9.74,528,22.48,6,4,689.36
2021-04-05,4587,10.99,882,42.1,0,4,830.57
2021-04-06,1546,11.89,998,44.46,1,4,701.34
2021-04-07,2215,20.86,238,15.49,2,4,656.83
2021-04-08,4120,11.66,792,48.1,3,4,807.92
2021-04-09,4583,13.46,641,23.15,4,4,842.13
2021-04-10,1016,7.13,156,36.49,5,4,292.4
2021-04-11,4243,11.2,331,40.07,6,4,707.44
2021-04-12,2243,6.82,757,42.48,0,4,554.16
2021-04-13,3205,2.2,534,47.83,1,4,440.59
2021-04-14,3524,18.1,483,22.52,2,4,820.68
2021-04-15,2069,20.05,659,44.34,3,4,604.74
2021-04-16,4444,18.58,293,15.27,4,4,816.65
2021-04-17,3565,13.9,835,38.2,5,4,983.8
2021-04-18,3146,11.39,747,39.68,6,4,899.49
2021-04-19,4963,25.9,633,37.11,0,4,923.43
2021-04-20,2768,15.57,617,20.09,1,4,875.85
2021-04-21,2060,14.38,815,44.92,2,4,661.47
2021-04-22,3327,0.77,850,16.75,3,4,707.29
2021-04-23,4420,10.24,284,12.15,4,4,622.56
2021-04-24,3544,11.41,971,38.7,5,4,1122.77
2021-04-25,1301,11.96,391,29.02,6,4,659.49
2021-04-26,1180,17.41,434,43.96,0,4,476.4
2021-04-27,1606,16.01,831,25.34,1,4,806.69
2021-04-28,4170,18.24,215,16.73,2,4,781.88
2021-04-29,1699,22.95,924,43.46,3,4,780.1
2021-04-30,1992,24.39,148,31.96,4,4,557.12
2021-05-01,2139,21.54,784,17.57,5,5,1073.11
2021-05-02,1190,28.67,181,38.82,6,5,556.05
2021-05-03,3300,0.55,933,30.44,0,5,653.38
2021-05-04,1980,5.87,432,34.17,1,5,424.58
2021-05-05,3975,0.23,656,28.44,2,5,653.78
2021-05-06,3006,19.42,434,43.15,3,5,589.69
2021-05-07,2184,26.94,631,43.18,4,5,710.12
2021-05-08,4327,7.3,320,38.38,5,5,626.59
2021-05-09,4394,27.81,734,14.22,6,5,1406.66
2021-05-10,1127,1.81,845,43.55,0,5,417.77
2021-05-11,3065,28.03,832,36.84,1,5,982.92
2021-05-12,2816,10.55,422,37.88,2,5,494.52
2021-05-13,2758,3.04,950,24.52,3,5,756.19
2021-05-14,3613,14.58,102,45.17,4,5,472.76
2021-05-15,1569,7.7,793,39.01,5,5,694.86
2021-05-16,2346,8.55,305,14.5,6,5,656.39
2021-05-17,2895,9.22,931,26.31,0,5,775.84
2021-05-18,3733,24.09,139,45.46,1,5,510.23
2021-05-19,4863,16.17,158,11.89,2,5,747.62
2021-05-20,1625,9.34,673,48.46,3,5,519.34
2021-05-21,4359,18.31,743,37.17,4,5,979.97
2021-05-22,3901,21.48,606,35.26,5,5,924.31
2021-05-23,2686,8.18,671,20.82,6,5,954.16
2021-05-24,4009,12.41,983,19.95,0,5,971.35
2021-05-25,4710,3.66,942,47.68,1,5,730.52
2021-05-26,1154,5.43,221,21.93,2,5,321.66
2021-05-27,3537,20.43,578,41.02,3,5,668.14
2021-05-28,2409,5.44,718,25.72,4,5,742.56
2021-05-29,1784,15.75,195,15.57,5,5,722.42
2021-05-30,4175,21.27,958,10.43,6,5,1491.48
2021-05-31,4464,3.21,513,31.77,0,5,691.41
2021-06-01,4882,17.02,334,49.03,1,6,463.38
2021-06-02,1245,7.7,997,24.77,2,6,622.08
2021-06-03,4247,28.89,161,24.29,3,6,565.48
2021-06-04,4110,14.51,355,23.76,4,6,591.47
2021-06-05,2500,24.18,660,30.82,5,6,947.44
2021-06-06,2705,16.51,447,27.63,6,6,764.56
2021-06-07,3806,1.3,770,45.2,0,6,562.61
2021-06-08,1537,18.99,223,30.22,1,6,351.38
2021-06-09,2890,28.54,581,30.31,2,6,791.9
2021-06-10,2841,18.05,416,15.53,3,6,673.42
2021-06-11,1920,24.58,603,49.31,4,6,597.0
2021-06-12,3455,26.53,818,20.0,5,6,1119.55
2021-06-13,1524,6.84,147,12.93,6,6,501.55
2021-06-14,3875,6.36,508,36.53,0,6,475.6
2021-06-15,2529,18.33,235,33.81,1,6,437.85
2021-06-16,3950,12.33,300,26.61,2,6,582.3
2021-06-17,4896,25.2,349,26.89,3,6,753.81
2021-06-18,1035,27.0,413,41.4,4,6,447.26
2021-06-19,1684,10.6,968,17.83,5,6,997.6
2021-06-20,1019,7.11,467,42.81,6,6,342.84
2021-06-21,3368,23.42,528,35.95,0,6,732.77
2021-06-22,4847,8.24,929,26.76,1,6,847.76
2021-06-23,3559,24.68,906,28.32,2,6,971.52
2021-06-24,1399,12.71,579,20.27,3,6,550.88
2021-06-25,3701,20.03,413,40.08,4,6,560.37
2021-06-26,1971,2.87,599,30.51,5,6,572.5
2021-06-27,2906,18.72,820,22.83,6,6,1103.55
2021-06-28,3518,13.55,454,33.84,0,6,535.75
2021-06-29,2166,17.6,584,49.83,1,6,530.8
2021-06-30,2115,5.04,310,27.41,2,6,363.85
2021-07-01,4425,22.11,803,46.83,3,7,586.36
2021-07-02,1833,25.88,143,23.8,4,7,408.4
2021-07-03,2823,6.5,640,12.19,5,7,705.73
2021-07-04,3774,2.87,670,18.17,6,7,767.17
2021-07-05,2982,0.71,682,26.75,0,7,434.31
2021-07-06,1853,19.26,191,18.79,1,7,475.49
2021-07-07,1050,18.21,364,10.01,2,7,489.2
2021-07-08,4736,16.4,994,46.6,3,7,723.73
2021-07-09,4769,6.96,319,43.76,4,7,435.74
2021-07-10,1574,11.73,541,39.69,5,7,555.79
2021-07-11,4261,17.83,500,16.71,6,7,872.8
2021-07-12,2148,14.9,499,14.81,0,7,513.59
2021-07-13,3197,29.63,826,12.7,1,7,775.1
2021-07-14,3361,4.09,998,38.96,2,7,570.89
2021-07-15,3617,20.85,888,47.15,3,7,636.26
2021-07-16,4413,12.13,675,27.22,4,7,656.93
2021-07-17,3352,12.85,957,14.77,5,7,995.88
2021-07-18,2715,21.53,903,30.5,6,7,966.1
2021-07-19,1681,20.77,589,23.95,0,7,535.42
2021-07-20,1837,29.74,584,24.99,1,7,635.53
2021-07-21,4854,3.85,856,34.85,2,7,700.85
2021-07-22,2077,3.12,569,38.75,3,7,379.78
2021-07-23,4050,21.73,673,14.42,4,7,770.42
2021-07-24,3491,17.35,943,11.42,5,7,1053.38
2021-07-25,3660,8.22,781,49.77,6,7,634.37
2021-07-26,4040,2.38,544,19.31,0,7,499.58
2021-07-27,3311,2.57,368,12.15,1,7,445.49
2021-07-28,4124,26.83,366,17.6,2,7,717.01
2021-07-29,2595,5.76,153,11.56,3,7,368.11
2021-07-30,4051,9.7,627,25.67,4,7,535.11
2021-07-31,4691,6.8,619,42.1,5,7,772.3
2021-08-01,1004,10.65,715,23.65,6,8,571.98
2021-08-02,2126,2.08,158,27.77,0,8,139.88
2021-08-03,2219,15.57,924,37.02,1,8,504.91
2021-08-04,1773,2.03,139,30.36,2,8,182.94
2021-08-05,1876,24.01,336,44.46,3,8,423.53
2021-08-06,1991,7.01,485,44.64,4,8,222.06
2021-08-07,3931,16.2,705,10.4,5,8,884.37
2021-08-08,4421,26.4,833,41.12,6,8,909.62
2021-08-09,1046,19.53,815,28.43,0,8,472.08
2021-08-10,3914,15.99,749,49.55,1,8,475.25
2021-08-11,3870,9.73,399,29.33,2,8,359.83
2021-08-12,3983,9.99,494,49.48,3,8,354.72
2021-08-13,4891,20.08,306,40.18,4,8,445.88
2021-08-14,3703,29.82,435,19.94,5,8,804.3
2021-08-15,1268,19.86,692,31.54,6,8,652.71
2021-08-16,1369,16.73,829,49.69,0,8,375.26
2021-08-17,1635,21.92,613,44.3,1,8,310.31
2021-08-18,2129,13.96,277,13.89,2,8,389.45
2021-08-19,2693,1.8,495,38.25,3,8,317.12
2021-08-20,2682,16.87,470,23.82,4,8,469.72
2021-08-21,1656,28.73,957,10.28,5,8,916.32
2021-08-22,1119,5.26,890,26.14,6,8,584.51
2021-08-23,1830,20.7,757,19.39,0,8,639.28
2021-08-24,2810,6.03,417,42.75,1,8,309.57
2021-08-25,4675,16.07,835,23.49,2,8,643.38
2021-08-26,2081,2.9,468,43.1,3,8,229.1
2021-08-27,2974,13.51,483,10.02,4,8,501.4
2021-08-28,2369,22.68,161,22.31,5,8,582.14
2021-08-29,1740,10.43,905,19.65,6,8,691.61
2021-08-30,4545,19.95,604,19.34,0,8,620.97
2021-08-31,1116,23.86,338,12.73,1,8,416.41
2021-09-01,2853,27.82,294,17.48,2,9,495.62
2021-09-02,3838,7.04,777,32.22,3,9,540.56
2021-09-03,2150,11.98,321,21.65,4,9,335.98
2021-09-04,4464,4.57,160,26.7,5,9,379.71
2021-09-05,2931,29.77,228,25.07,6,9,531.63
2021-09-06,2012,27.81,784,45.04,0,9,333.41
2021-09-07,2664,16.2,255,46.21,1,9,284.28
2021-09-08,2081,25.26,477,29.72,2,9,412.59
2021-09-09,1633,15.63,721,23.21,3,9,450.02
2021-09-10,1512,18.71,880,14.27,4,9,486.93
2021-09-11,4822,2.67,967,48.14,5,9,566.41
2021-09-12,3849,22.66,889,12.41,6,9,813.98
2021-09-13,2119,3.83,685,21.91,0,9,421.97
2021-09-14,4709,24.78,536,21.92,1,9,527.69
2021-09-15,2141,23.46,306,22.82,2,9,476.49
2021-09-16,1559,21.26,487,16.57,3,9,436.04
2021-09-17,4672,1.08,579,41.33,4,9,282.07
2021-09-18,1487,9.09,890,14.9,5,9,598.44
2021-09-19,4308,7.89,986,35.4,6,9,637.11
2021-09-20,4956,10.8,937,14.95,0,9,507.8
2021-09-21,1896,2.63,439,12.82,1,9,396.28
2021-09-22,4343,28.11,968,46.38,2,9,625.34
2021-09-23,2212,16.61,439,17.61,3,9,419.77
2021-09-24,1703,9.17,303,42.85,4,9,204.74
2021-09-25,2470,11.91,260,31.79,5,9,281.01
2021-09-26,1580,13.42,639,13.11,6,9,530.42
2021-09-27,3837,18.02,491,48.22,0,9,405.75
2021-09-28,3908,15.47,868,19.88,1,9,515.14
2021-09-29,3294,27.58,776,44.39,2,9,372.17
2021-09-30,4147,14.91,674,16.75,3,9,516.0
2021-10-01,1153,29.76,633,44.16,4,10,362.64
2021-10-02,2679,25.54,169,10.53,5,10,510.23
2021-10-03,4506,6.26,992,30.47,6,10,691.43
2021-10-04,1996,27.92,504,40.78,0,10,396.48
2021-10-05,4157,3.49,707,47.39,1,10,350.07
2021-10-06,3744,24.52,774,46.37,2,10,522.58
2021-10-07,4356,11.42,690,42.78,3,10,323.91
2021-10-08,2243,26.34,616,45.53,4,10,404.37
2021-10-09,2092,26.04,927,17.97,5,10,753.77
2021-10-10,4118,24.18,219,21.37,6,10,465.9
2021-10-11,2008,23.7,913,21.56,0,10,448.05
2021-10-12,3141,9.14,789,25.08,1,10,396.96
2021-10-13,2773,2.43,787,25.73,2,10,347.87
2021-10-14,1957,12.09,316,31.78,3,10,291.11
2021-10-15,4059,5.21,155,16.4,4,10,266.51
2021-10-16,1452,20.85,465,37.65,5,10,354.98
2021-10-17,2227,10.38,798,16.7,6,10,542.81
2021-10-18,3959,29.27,603,22.41,0,10,588.8
2021-10-19,3265,19.23,843,30.13,1,10,493.18
2021-10-20,3521,24.67,866,41.86,2,10,488.43
2021-10-21,3479,3.98,554,39.58,3,10,295.12
2021-10-22,3388,25.86,203,35.82,4,10,399.47
2021-10-23,1550,27.68,176,16.23,5,10,406.81
2021-10-24,2635,14.61,329,31.88,6,10,448.74
2021-10-25,2312,18.19,357,13.5,0,10,386.01
2021-10-26,4325,22.94,363,25.09,1,10,425.65
2021-10-27,2757,5.25,430,26.54,2,10,418.42
2021-10-28,1356,15.08,281,11.59,3,10,257.22
2021-10-29,3070,11.96,992,20.96,4,10,501.14
2021-10-30,2785,4.39,867,48.23,5,10,375.22
2021-10-31,3569,11.03,649,48.15,6,10,489.46
2021-11-01,2781,2.05,787,24.09,0,11,491.38
2021-11-02,4908,0.77,126,11.72,1,11,411.68
2021-11-03,4171,4.05,375,17.16,2,11,435.12
2021-11-04,3849,28.89,751,25.69,3,11,578.98
2021-11-05,4251,16.49,398,47.91,4,11,325.25
2021-11-06,4294,28.97,898,15.65,5,11,808.89
2021-11-07,4977,12.97,190,40.54,6,11,511.66
2021-11-08,3809,9.35,579,14.35,0,11,486.18
2021-11-09,4730,15.18,672,49.25,1,11,405.1
2021-11-10,3489,13.19,557,25.26,2,11,493.06
2021-11-11,2631,3.17,550,41.01,3,11,226.61
2021-11-12,3816,19.22,464,23.7,4,11,473.09
2021-11-13,2015,6.48,958,35.11,5,11,530.48
2021-11-14,2348,18.59,774,17.68,6,11,693.29
2021-11-15,1515,19.51,450,15.84,0,11,391.04
2021-11-16,4087,4.56,754,47.52,1,11,301.12
2021-11-17,3839,1.84,499,46.71,2,11,279.68
2021-11-18,1335,23.42,352,45.5,3,11,324.42
2021-11-19,2782,13.79,880,35.02,4,11,462.17
2021-11-20,3305,1.74,980,42.33,5,11,577.19
2021-11-21,1496,29.85,902,12.76,6,11,727.69
2021-11-22,1895,1.73,558,23.39,0,11,305.76
2021-11-23,3207,20.85,798,22.55,1,11,511.79
2021-11-24,4546,29.51,598,35.43,2,11,574.32
2021-11-25,1851,7.18,607,24.24,3,11,350.62
2021-11-26,2687,4.27,403,15.94,4,11,367.58
2021-11-27,2931,3.64,600,33.86,5,11,483.92
2021-11-28,3737,9.1,902,42.58,6,11,619.2
2021-11-29,4746,3.03,697,25.28,0,11,468.08
2021-11-30,3427,20.76,265,15.29,1,11,369.79
2021-12-01,2568,1.87,514,17.87,2,12,390.53
2021-12-02,1956,15.28,561,19.5,3,12,438.27
2021-12-03,3738,29.9,213,22.0,4,12,493.93
2021-12-04,4498,24.42,532,35.71,5,12,704.49
2021-12-05,2636,18.46,455,34.04,6,12,493.85
2021-12-06,2291,9.19,794,37.84,0,12,341.1
2021-12-07,4906,18.72,306,24.5,1,12,472.29
2021-12-08,4648,15.81,867,42.96,2,12,596.93
2021-12-09,2440,12.78,334,18.16,3,12,329.58
2021-12-10,2191,3.92,541,28.76,4,12,352.27
2021-12-11,4913,26.6,454,42.04,5,12,790.99
2021-12-12,2066,13.49,614,17.21,6,12,681.91
2021-12-13,4627,5.84,307,14.39,0,12,531.73
2021-12-14,1284,11.03,808,45.35,1,12,401.14
2021-12-15,3444,12.42,952,23.72,2,12,682.11
2021-12-16,1011,24.83,224,37.35,3,12,262.99
2021-12-17,2630,22.01,237,11.01,4,12,432.99
2021-12-18,4373,23.08,438,37.6,5,12,515.52
2021-12-19,4969,0.33,636,22.64,6,12,713.77
2021-12-20,4324,12.48,167,12.23,0,12,520.49
2021-12-21,3546,14.44,672,34.39,1,12,473.55
2021-12-22,1753,0.58,640,19.63,2,12,369.88
2021-12-23,3082,7.79,482,25.47,3,12,371.92
2021-12-24,3774,22.81,118,13.22,4,12,488.55
2021-12-25,3896,4.11,782,15.89,5,12,786.73
2021-12-26,1089,16.06,549,21.92,6,12,457.55
2021-12-27,1775,6.46,173,13.59,0,12,310.87
2021-12-28,3652,0.36,672,46.43,1,12,344.99
2021-12-29,4993,7.24,764,10.24,2,12,653.31
2021-12-30,4017,29.28,375,29.35,3,12,565.49
2021-12-31,2625,24.05,147,14.93,4,12,422.19
2022-01-01,4069,28.79,310,22.31,5,1,834.9
2022-01-02,1417,14.64,954,47.04,6,1,683.93
2022-01-03,1114,3.29,750,16.47,0,1,548.21
2022-01-04,1616,16.44,721,48.63,1,1,478.48
2022-01-05,4974,13.63,794,18.23,2,1,795.22
2022-01-06,4267,25.33,639,39.66,3,1,609.73
2022-01-07,1825,2.94,808,31.87,4,1,459.73
2022-01-08,4572,14.65,290,45.38,5,1,610.28
2022-01-09,2649,4.5,414,32.16,6,1,487.13
2022-01-10,2516,9.74,662,31.38,0,1,544.59
2022-01-11,4146,22.12,760,17.82,1,1,887.5
2022-01-12,1412,14.28,879,16.65,2,1,705.13
2022-01-13,4447,11.28,661,46.66,3,1,548.32
2022-01-14,4491,11.83,999,23.11,4,1,777.71
2022-01-15,1728,13.78,857,24.88,5,1,671.89
2022-01-16,4348,23.55,212,40.39,6,1,626.81
2022-01-17,4068,26.76,269,23.55,0,1,591.04
2022-01-18,3808,28.66,567,48.08,1,1,625.59
2022-01-19,1675,23.61,777,39.52,2,1,578.13
2022-01-20,4465,9.46,113,33.9,3,1,358.64
2022-01-21,2892,20.64,814,45.24,4,1,520.2
2022-01-22,3504,13.13,387,11.98,5,1,700.64
2022-01-23,3967,7.64,288,20.28,6,1,639.07
2022-01-24,3239,25.23,254,28.6,0,1,608.15
2022-01-25,3786,1.15,666,19.08,1,1,564.65
2022-01-26,4760,27.05,793,39.76,2,1,789.23
2022-01-27,2122,13.84,821,46.77,3,1,559.04
2022-01-28,2571,19.12,987,26.95,4,1,700.98
2022-01-29,1977,19.78,570,23.69,5,1,755.01
2022-01-30,2008,26.85,174,48.46,6,1,408.25
2022-01-31,3143,19.1,376,27.79,0,1,564.62
2022-02-01,2687,18.42,744,29.56,1,2,733.78
2022-02-02,3710,2.0,442,24.07,2,2,541.58
2022-02-03,4261,15.55,524,46.38,3,2,553.3
2022-02-04,4807,4.51,670,32.76,4,2,703.04
2022-02-05,1036,22.12,610,40.49,5,2,807.41
2022-02-06,4851,15.37,956,42.47,6,2,1049.21
2022-02-07,4440,20.41,281,23.67,0,2,649.19
2022-02-08,4766,1.25,557,27.35,1,2,626.1
2022-02-09,2548,2.54,950,43.94,2,2,623.58
2022-02-10,3326,21.49,932,24.53,3,2,878.64
2022-02-11,3264,2.16,163,41.76,4,2,130.8
2022-02-12,3914,2.14,938,47.64,5,2,889.92
2022-02-13,1872,0.36,359,34.93,6,2,434.89
2022-02-14,2821,28.7,292,39.67,0,2,475.3
2022-02-15,2296,22.13,754,42.2,1,2,639.36
2022-02-16,4952,10.6,715,43.8,2,2,767.69
2022-02-17,3109,8.9,505,25.8,3,2,646.94
2022-02-18,1595,10.49,825,12.05,4,2,775.37
2022-02-19,2903,23.24,853,26.08,5,2,1100.32
2022-02-20,1728,19.84,820,36.95,6,2,883.77
2022-02-21,2365,5.56,192,28.01,0,2,337.79
2022-02-22,1396,5.22,529,39.96,1,2,428.31
2022-02-23,1698,2.95,753,24.28,2,2,517.77
2022-02-24,4090,19.81,533,35.39,3,2,648.82
2022-02-25,3224,22.93,503,17.46,4,2,807.86
2022-02-26,2635,7.95,533,39.97,5,2,608.77
2022-02-27,1395,0.63,211,31.83,6,2,367.98
2022-02-28,3492,2.47,474,18.16,0,2,533.5
2022-03-01,4304,29.04,158,21.68,1,3,756.05
2022-03-02,4986,8.86,142,39.94,2,3,429.19
2022-03-03,1075,23.08,306,29.3,3,3,522.24
2022-03-04,1264,18.74,879,18.64,4,3,772.05
2022-03-05,3502,11.46,395,48.69,5,3,600.11
2022-03-06,2819,6.17,217,38.61,6,3,393.46
2022-03-07,1717,3.64,631,48.29,0,3,445.34
2022-03-08,3782,18.45,321,27.08,1,3,703.13
2022-03-09,4455,23.24,265,29.0,2,3,631.13
2022-03-10,4635,19.32,742,45.92,3,3,889.97
2022-03-11,1850,15.91,255,31.0,4,3,586.92
2022-03-12,4577,1.26,283,38.29,5,3,592.98
2022-03-13,2390,29.05,189,20.09,6,3,831.21
2022-03-14,1143,23.96,193,27.87,0,3,628.38
2022-03-15,1884,8.78,112,14.94,1,3,355.57
2022-03-16,4140,29.4,933,18.24,2,3,1165.32
2022-03-17,4170,18.06,904,10.04,3,3,1097.91
2022-03-18,1395,17.47,841,11.57,4,3,934.1
2022-03-19,4096,22.44,933,49.09,5,3,1184.2
2022-03-20,3995,24.35,903,19.69,6,3,1379.12
2022-03-21,3938,19.69,537,36.53,0,3,691.43
2022-03-22,2492,3.84,637,43.56,1,3,477.16
2022-03-23,4555,10.15,686,32.03,2,3,734.77
2022-03-24,4636,27.84,975,16.13,3,3,1216.73
2022-03-25,4222,6.74,910,39.12,4,3,769.73
2022-03-26,2167,11.17,249,34.01,5,3,461.2
2022-03-27,3616,12.96,759,39.25,6,3,1032.06
2022-03-28,2062,13.18,107,40.79,0,3,286.8
2022-03-29,3156,18.39,128,49.02,1,3,328.42
2022-03-30,4764,28.29,395,32.94,2,3,820.32
2022-03-31,2065,7.22,820,23.67,3,3,722.38
2022-04-01,2209,3.65,739,35.94,4,4,504.85
2022-04-02,3982,5.92,439,12.74,5,4,960.29
2022-04-03,3445,26.61,727,45.9,6,4,1040.11
2022-04-04,4294,19.37,538,14.78,0,4,1009.88
2022-04-05,1633,8.58,243,23.11,1,4,457.67
2022-04-06,2156,24.48,929,42.63,2,4,840.71
2022-04-07,4234,25.84,846,33.89,3,4,986.32
2022-04-08,2238,25.4,618,25.75,4,4,818.35
2022-04-09,1732,27.57,144,28.94,5,4,740.53
2022-04-10,1234,7.57,338,44.18,6,4,398.46
2022-04-11,4914,22.65,254,23.6,0,4,782.8
2022-04-12,3705,13.82,280,44.79,1,4,501.92
2022-04-13,1750,25.26,314,13.53,2,4,681.63
2022-04-14,3635,21.85,187,41.07,3,4,536.68
2022-04-15,4080,23.29,355,43.9,4,4,562.4
2022-04-16,4145,19.68,610,17.27,5,4,1269.48
2022-04-17,1953,5.32,172,27.21,6,4,476.25
2022-04-18,3539,16.35,278,16.62,0,4,657.94
2022-04-19,3960,29.54,311,38.26,1,4,832.56
2022-04-20,4324,28.12,904,31.41,2,4,1103.77
2022-04-21,4301,1.3,333,35.41,3,4,444.2
2022-04-22,2542,4.94,564,17.86,4,4,696.68
2022-04-23,2197,3.95,850,18.47,5,4,1015.51
2022-04-24,2676,21.78,322,11.66,6,4,997.45
2022-04-25,2191,24.53,730,22.88,0,4,867.14
2022-04-26,3217,6.41,924,32.39,1,4,828.19
2022-04-27,2416,15.18,363,44.32,2,4,462.48
2022-04-28,3993,25.22,306,36.68,3,4,730.36
2022-04-29,3842,21.98,706,27.42,4,4,832.03
2022-04-30,3681,16.27,984,48.12,5,4,1105.81
2022-05-01,2217,17.71,833,38.77,6,5,1055.47
2022-05-02,2540,15.25,465,47.21,0,5,464.28
2022-05-03,3076,8.93,375,31.1,1,5,498.54
2022-05-04,4236,16.95,479,20.36,2,5,780.38
2022-05-05,2445,20.67,842,12.11,3,5,901.52
2022-05-06,3386,26.2,408,39.04,4,5,578.55
2022-05-07,4719,19.09,730,14.85,5,5,1309.15
2022-05-08,2519,22.83,367,22.11,6,5,899.14
2022-05-09,2388,4.8,884,31.3,0,5,696.47
2022-05-10,2856,13.85,163,32.58,1,5,441.11
2022-05-11,2365,0.28,909,34.02,2,5,649.66
2022-05-12,1499,7.4,449,16.65,3,5,593.49
2022-05-13,2680,21.79,593,25.19,4,5,771.06
2022-05-14,1510,29.75,622,34.69,5,5,935.76
2022-05-15,4398,2.98,197,48.79,6,5,442.12
2022-05-16,1216,12.04,170,39.11,0,5,318.26
2022-05-17,2324,24.0,463,46.9,1,5,648.72
2022-05-18,2155,6.12,669,40.49,2,5,500.08
2022-05-19,2827,16.65,901,33.67,3,5,844.77
2022-05-20,4141,21.99,862,17.68,4,5,1074.38
2022-05-21,4323,18.48,375,36.67,5,5,819.44
2022-05-22,4486,5.64,149,34.94,6,5,581.36
2022-05-23,2810,10.66,457,34.1,0,5,478.64
2022-05-24,3492,23.51,827,29.59,1,5,850.8
2022-05-25,3923,16.63,663,31.15,2,5,822.89
2022-05-26,2205,0.16,882,23.38,3,5,670.45
2022-05-27,3214,22.83,584,30.77,4,5,795.07
2022-05-28,1090,1.06,183,17.9,5,5,403.08
2022-05-29,1713,22.37,998,42.21,6,5,1020.29
2022-05-30,2881,6.07,904,17.43,0,5,838.14
2022-05-31,4602,28.74,737,13.4,1,5,1056.86
2022-06-01,1038,11.04,907,27.45,2,6,720.17
2022-06-02,4197,9.81,683,36.33,3,6,599.03
2022-06-03,4522,4.47,395,27.51,4,6,544.84
2022-06-04,1172,9.17,335,21.07,5,6,486.97
2022-06-05,1652,26.3,155,32.33,6,6,616.6
2022-06-06,1753,29.89,459,23.88,0,6,663.04
2022-06-07,2243,11.05,209,47.31,1,6,258.77
2022-06-08,4709,13.46,291,46.91,2,6,531.4
2022-06-09,2081,21.66,192,30.09,3,6,465.7
2022-06-10,2683,26.59,961,23.12,4,6,963.84
2022-06-11,3523,17.79,667,39.49,5,6,829.78
2022-06-12,1455,11.75,159,11.47,6,6,487.35
2022-06-13,1828,12.38,749,28.99,0,6,632.2
2022-06-14,1894,20.87,138,23.45,1,6,443.58
2022-06-15,2384,0.1,639,46.82,2,6,424.01
2022-06-16,2958,18.59,148,10.48,3,6,574.92
2022-06-17,4072,10.66,519,32.11,4,6,626.6
2022-06-18,3434,23.83,736,39.63,5,6,903.4
2022-06-19,2996,2.79,112,29.4,6,6,497.94
2022-06-20,3395,17.65,135,13.42,0,6,564.3
2022-06-21,1189,14.43,200,48.9,1,6,276.83
2022-06-22,1504,19.27,893,30.72,2,6,686.09
2022-06-23,2214,1.95,185,34.57,3,6,276.94
2022-06-24,2531,17.4,615,19.46,4,6,641.45
2022-06-25,4440,16.84,322,29.34,5,6,828.19
2022-06-26,4480,16.82,437,27.17,6,6,875.51
2022-06-27,1823,18.1,265,13.0,0,6,550.02
2022-06-28,1928,20.29,482,14.25,1,6,702.27
2022-06-29,1933,24.15,955,43.5,2,6,690.88
2022-06-30,2140,8.09,994,19.59,3,6,737.88
2022-07-01,1133,24.75,475,17.8,4,7,578.54
2022-07-02,3105,14.95,570,30.2,5,7,822.31
2022-07-03,4627,2.31,889,40.75,6,7,775.3
2022-07-04,1684,1.76,741,12.48,0,7,561.82
2022-07-05,3719,10.03,130,33.07,1,7,347.46
2022-07-06,3220,23.55,474,14.77,2,7,762.25
2022-07-07,2852,21.23,110,11.46,3,7,411.79
2022-07-08,1814,23.66,401,12.11,4,7,584.55
2022-07-09,2172,15.52,195,43.37,5,7,300.81
2022-07-10,1079,13.21,289,14.72,6,7,396.76
2022-07-11,3933,4.42,552,11.81,0,7,608.68
2022-07-12,4284,9.85,291,27.52,1,7,478.76
2022-07-13,1202,13.02,585,43.76,2,7,365.22
2022-07-14,3811,2.66,365,20.5,3,7,450.02
2022-07-15,2252,6.62,523,26.87,4,7,595.32
2022-07-16,2699,17.95,227,11.6,5,7,651.83
2022-07-17,2250,22.07,337,27.96,6,7,654.76
2022-07-18,2682,29.95,454,33.1,0,7,557.31
2022-07-19,2555,27.99,211,32.84,1,7,486.68
2022-07-20,4512,19.28,927,23.3,2,7,822.22
2022-07-21,4473,12.64,545,22.62,3,7,609.12
2022-07-22,3094,19.09,442,14.26,4,7,703.8
2022-07-23,2256,23.57,244,24.67,5,7,677.13
2022-07-24,4376,3.55,164,13.98,6,7,582.61
2022-07-25,2549,12.3,346,40.66,0,7,245.7
2022-07-26,2166,25.19,834,48.65,1,7,582.15
2022-07-27,4486,11.51,589,48.8,2,7,643.16
2022-07-28,4584,17.16,924,44.6,3,7,701.5
2022-07-29,2396,17.63,538,34.03,4,7,561.07
2022-07-30,4637,5.53,205,38.03,5,7,550.43
2022-07-31,4957,10.87,280,21.41,6,7,712.62
2022-08-01,4330,10.04,283,35.23,0,8,326.66
2022-08-02,3703,0.79,325,28.23,1,8,201.5
2022-08-03,1470,0.73,876,29.28,2,8,445.02
2022-08-04,4018,24.95,889,40.31,3,8,600.63
2022-08-05,2035,8.19,188,21.28,4,8,294.5
2022-08-06,2353,15.54,787,22.72,5,8,648.22
2022-08-07,3783,8.96,629,46.99,6,8,514.39
2022-08-08,3831,28.22,470,12.25,0,8,634.14
2022-08-09,1967,7.78,498,29.43,1,8,364.19
2022-08-10,1357,12.89,205,46.51,2,8,131.61
2022-08-11,4019,26.18,370,34.41,3,8,558.23
2022-08-12,4479,25.26,930,31.86,4,8,683.08
2022-08-13,1667,5.58,602,19.99,5,8,434.37
2022-08-14,1372,24.08,778,23.73,6,8,716.97
2022-08-15,2031,13.75,624,44.08,0,8,376.32
2022-08-16,2145,14.49,948,32.37,1,8,552.47
2022-08-17,2371,4.0,131,30.59,2,8,280.64
2022-08-18,3723,2.42,492,13.98,3,8,440.7
2022-08-19,1089,21.84,139,10.64,4,8,360.84
2022-08-20,4719,14.89,759,48.55,5,8,625.48
2022-08-21,3745,13.11,317,25.08,6,8,586.34
2022-08-22,4387,21.89,830,34.13,0,8,651.64
2022-08-23,4249,22.97,181,13.19,1,8,491.23
2022-08-24,1539,4.77,944,37.32,2,8,334.92
2022-08-25,3779,18.31,819,47.3,3,8,604.74
2022-08-26,1868,4.06,300,33.03,4,8,177.26
2022-08-27,1040,22.54,546,15.04,5,8,606.37
2022-08-28,1739,19.71,943,33.27,6,8,742.22
2022-08-29,4775,28.7,527,40.65,0,8,514.66
2022-08-30,2946,2.07,137,26.26,1,8,169.59
2022-08-31,3549,1.71,310,45.19,2,8,139.6
2022-09-01,4006,8.47,543,35.95,3,9,410.21
2022-09-02,4216,7.85,426,45.97,4,9,279.3
2022-09-03,2224,7.41,860,34.94,5,9,665.76
2022-09-04,1928,27.19,326,15.25,6,9,496.88
2022-09-05,3036,7.49,147,22.39,0,9,219.33
2022-09-06,4795,8.16,117,18.07,1,9,313.3
2022-09-07,3508,22.78,538,46.35,2,9,412.67
2022-09-08,3779,13.49,906,40.42,3,9,462.95
2022-09-09,3799,23.3,807,37.06,4,9,559.03
2022-09-10,1924,1.96,286,22.04,5,9,255.23
2022-09-11,3956,14.63,444,17.36,6,9,513.67
2022-09-12,2581,1.01,323,40.26,0,9,106.26
2022-09-13,4618,1.88,929,28.97,1,9,386.75
2022-09-14,4324,27.19,587,19.03,2,9,546.55
2022-09-15,1389,4.18,976,34.66,3,9,369.81
2022-09-16,2617,15.97,948,11.61,4,9,545.6
2022-09-17,3930,12.33,328,23.05,5,9,554.0
2022-09-18,1255,10.42,489,28.74,6,9,444.38
2022-09-19,1708,27.0,688,15.92,0,9,499.15
2022-09-20,2838,0.65,287,49.39,1,9,69.45
2022-09-21,2944,19.91,957,18.36,2,9,561.96
2022-09-22,3497,28.9,369,15.21,3,9,471.56
2022-09-23,1009,16.81,706,18.14,4,9,393.93
2022-09-24,3871,28.1,409,40.76,5,9,521.46
2022-09-25,1797,1.57,231,27.02,6,9,217.21
2022-09-26,4313,12.56,650,32.62,0,9,434.47
2022-09-27,4322,7.8,171,10.84,1,9,332.94
2022-09-28,1876,21.92,892,11.38,2,9,579.71
2022-09-29,2028,29.44,944,27.83,3,9,591.92
2022-09-30,4190,7.7,771,42.67,4,9,373.52
2022-10-01,2015,19.63,286,45.41,5,10,377.6
2022-10-02,2824,5.94,585,13.47,6,10,456.41
2022-10-03,1373,16.96,290,31.53,0,10,172.97
2022-10-04,4136,13.92,521,46.53,1,10,364.77
2022-10-05,3193,29.16,219,25.52,2,10,346.19
2022-10-06,1223,18.26,319,43.18,3,10,239.28
2022-10-07,2262,10.49,152,15.35,4,10,146.55
2022-10-08,3224,3.42,833,47.42,5,10,510.7
2022-10-09,2802,4.54,550,40.06,6,10,394.08
2022-10-10,1852,6.76,511,47.65,0,10,143.94
2022-10-11,4353,7.53,742,37.06,1,10,338.61
2022-10-12,1062,25.52,336,24.54,2,10,411.89
2022-10-13,2240,16.84,857,47.53,3,10,349.43
2022-10-14,4925,15.7,837,21.02,4,10,519.38
2022-10-15,3874,3.44,819,23.29,5,10,462.19
2022-10-16,3842,25.8,505,38.03,6,10,537.9
2022-10-17,1688,21.68,707,40.61,0,10,364.94
2022-10-18,2484,2.03,521,47.18,1,10,254.85
2022-10-19,2633,21.24,811,18.19,2,10,444.53
2022-10-20,3152,16.31,346,41.92,3,10,215.78
2022-10-21,4170,2.45,171,39.54,4,10,231.71
2022-10-22,1510,13.75,929,12.55,5,10,682.18
2022-10-23,1384,14.54,284,25.49,6,10,259.67
2022-10-24,1404,4.97,105,21.31,0,10,225.88
2022-10-25,3870,28.37,305,22.18,1,10,443.98
2022-10-26,1517,25.5,643,49.32,2,10,397.91
2022-10-27,1475,20.07,710,35.71,3,10,374.32
2022-10-28,3000,13.87,486,38.71,4,10,197.16
2022-10-29,3756,12.35,867,49.06,5,10,527.57
2022-10-30,4934,19.53,798,25.09,6,10,778.0
2022-10-31,2668,16.36,175,42.07,0,10,182.07
2022-11-01,2893,1.87,276,27.38,1,11,227.15
2022-11-02,3818,15.38,926,44.78,2,11,480.01
2022-11-03,2460,24.19,898,17.23,3,11,439.48
2022-11-04,4094,13.78,448,47.91,4,11,420.04
2022-11-05,4044,1.56,354,18.75,5,11,399.99
2022-11-06,4636,23.59,936,23.05,6,11,871.74
2022-11-07,3724,6.04,801,40.25,0,11,405.5
2022-11-08,1713,7.76,407,25.75,1,11,345.46
2022-11-09,4529,4.94,444,34.33,2,11,369.63
2022-11-10,1082,9.91,226,27.78,3,11,199.09
2022-11-11,2168,22.7,386,39.69,4,11,285.41
2022-11-12,4156,15.58,865,19.13,5,11,793.13
2022-11-13,4149,6.15,824,12.34,6,11,603.51
2022-11-14,3504,26.33,861,22.0,0,11,639.47
2022-11-15,2901,26.39,695,28.97,1,11,455.25
2022-11-16,3048,26.12,586,16.72,2,11,589.73
2022-11-17,1050,7.16,482,24.19,3,11,290.56
2022-11-18,1684,13.54,505,26.0,4,11,376.03
2022-11-19,1716,29.55,487,12.3,5,11,634.87
2022-11-20,4843,23.16,624,33.33,6,11,595.94
2022-11-21,2469,0.82,656,45.37,0,11,227.5
2022-11-22,1448,1.96,738,16.07,1,11,405.86
2022-11-23,1880,13.92,725,33.91,2,11,397.51
2022-11-24,1487,27.28,375,36.59,3,11,399.25
2022-11-25,2823,16.16,599,26.77,4,11,446.64
2022-11-26,3081,14.93,816,38.04,5,11,538.35
2022-11-27,4419,3.16,436,26.43,6,11,430.27
2022-11-28,3142,19.7,580,30.19,0,11,446.15
2022-11-29,4143,24.66,996,10.29,1,11,588.51
2022-11-30,2574,11.41,372,37.67,2,11,365.28
2022-12-01,3201,23.27,157,36.45,3,12,384.81
2022-12-02,1249,28.93,427,11.54,4,12,577.34
2022-12-03,1673,6.11,830,24.73,5,12,518.67
2022-12-04,1437,15.7,208,49.16,6,12,321.73
2022-12-05,3165,8.61,378,26.83,0,12,489.16
2022-12-06,1770,23.79,785,30.08,1,12,479.99
2022-12-07,4962,17.33,427,46.4,2,12,485.28
2022-12-08,4377,19.04,875,38.69,3,12,618.6
2022-12-09,1267,23.94,414,33.28,4,12,308.71
2022-12-10,2984,11.88,573,41.91,5,12,537.22
2022-12-11,2077,27.45,210,44.57,6,12,466.66
2022-12-12,1235,15.99,798,28.28,0,12,452.32
2022-12-13,1388,4.74,880,29.0,1,12,495.44
2022-12-14,4037,20.88,328,25.44,2,12,403.59
2022-12-15,4805,23.8,596,48.67,3,12,457.1
2022-12-16,1762,9.5,255,37.89,4,12,242.02
2022-12-17,2848,25.72,572,13.33,5,12,786.13
2022-12-18,3448,27.18,800,44.52,6,12,723.62
2022-12-19,1623,8.31,371,29.22,0,12,337.89
2022-12-20,3814,29.51,986,12.75,1,12,840.33
2022-12-21,4374,4.22,101,31.99,2,12,325.9
2022-12-22,3966,6.06,857,26.69,3,12,551.57
2022-12-23,4278,5.53,821,45.11,4,12,506.95
2022-12-24,2252,26.82,610,18.16,5,12,729.51
2022-12-25,3900,19.63,385,43.06,6,12,644.96
2022-12-26,4981,4.56,970,32.31,0,12,564.59
2022-12-27,1577,13.21,112,12.18,1,12,418.41
2022-12-28,3122,18.46,707,48.87,2,12,462.62
2022-12-29,1434,2.5,597,30.5,3,12,252.53
2022-12-30,3150,26.47,832,21.64,4,12,743.22
2022-12-31,4493,24.11,337,28.78,5,12,678.61
2023-01-01,4775,15.16,193,44.31,6,1,582.87
2023-01-02,1763,29.01,437,22.2,0,1,645.27
2023-01-03,3785,12.53,880,17.71,1,1,769.88
2023-01-04,3853,29.52,270,15.16,2,1,631.41
2023-01-05,2329,20.04,705,21.91,3,1,697.96
2023-01-06,3145,19.04,760,41.2,4,1,607.6
2023-01-07,4921,4.98,723,28.87,5,1,854.27
2023-01-08,3845,26.46,666,19.1,6,1,899.57
2023-01-09,2358,12.82,948,16.65,0,1,738.81
2023-01-10,3906,4.87,566,23.31,1,1,512.16
2023-01-11,3482,0.38,727,47.6,2,1,512.61
2023-01-12,1446,16.79,242,23.72,3,1,415.99
2023-01-13,3017,15.82,300,49.52,4,1,361.79
2023-01-14,2331,21.58,279,29.41,5,1,614.19
2023-01-15,1248,26.71,813,17.17,6,1,880.14
2023-01-16,1165,2.38,463,45.65,0,1,315.44
2023-01-17,4552,21.94,578,28.41,1,1,791.86
2023-01-18,4031,5.62,664,38.39,2,1,539.84
2023-01-19,2358,25.75,570,49.35,3,1,584.64
2023-01-20,2019,24.57,483,12.01,4,1,602.23
2023-01-21,1541,16.22,791,13.87,5,1,810.22
2023-01-22,1758,21.31,516,38.82,6,1,613.91
2023-01-23,4177,9.43,924,21.27,0,1,769.28
2023-01-24,4634,14.14,407,17.37,1,1,601.02
2023-01-25,3128,24.65,748,11.57,2,1,821.81
2023-01-26,3180,13.78,793,10.87,3,1,747.37
2023-01-27,1796,10.73,466,40.98,4,1,307.26
2023-01-28,3947,14.83,100,15.38,5,1,648.74
2023-01-29,1137,24.85,143,28.71,6,1,523.25
2023-01-30,3231,10.06,838,34.24,0,1,614.59
2023-01-31,4472,5.21,942,27.13,1,1,764.06
2023-02-01,2353,21.36,197,11.08,2,2,527.83
2023-02-02,3832,24.78,819,41.34,3,2,840.74
2023-02-03,4579,3.02,364,10.42,4,2,570.08
2023-02-04,2875,7.2,899,40.48,5,2,779.32
2023-02-05,4031,4.26,882,45.73,6,2,805.3
2023-02-06,1068,10.44,239,27.31,0,2,293.23
2023-02-07,3593,13.51,580,31.42,1,2,619.62
2023-02-08,4845,22.46,336,29.08,2,2,691.91
2023-02-09,3100,19.53,171,25.57,3,2,561.47
2023-02-10,2473,18.63,766,45.5,4,2,618.27
2023-02-11,1204,10.57,289,45.76,5,2,266.94
2023-02-12,3173,25.24,367,23.43,6,2,939.4
2023-02-13,4818,14.14,420,34.6,0,2,589.49
2023-02-14,1042,29.37,206,47.08,1,2,381.28
2023-02-15,4823,19.02,331,48.48,2,2,578.16
2023-02-16,2906,3.79,141,30.36,3,2,332.22
2023-02-17,3158,20.29,801,28.11,4,2,859.73
2023-02-18,1760,9.75,982,21.15,5,2,1000.31
2023-02-19,4734,20.59,238,48.35,6,2,636.93
2023-02-20,4254,2.09,714,15.71,0,2,840.85
2023-02-21,3895,5.25,782,33.19,1,2,680.81
2023-02-22,3142,25.67,962,21.3,2,2,959.51
2023-02-23,2994,6.82,372,21.16,3,2,562.5
2023-02-24,4445,25.11,580,26.2,4,2,845.24
2023-02-25,2935,8.38,515,49.95,5,2,573.14
2023-02-26,4591,19.29,605,12.2,6,2,1268.06
2023-02-27,1899,20.82,832,33.14,0,2,709.18
2023-02-28,1359,15.38,824,13.3,1,2,736.3
2023-03-01,3947,9.16,952,16.18,2,3,976.54
2023-03-02,2719,6.38,523,27.58,3,3,630.91
2023-03-03,1280,1.0,506,30.42,4,3,330.68
2023-03-04,4266,9.12,667,20.35,5,3,968.37
2023-03-05,2887,19.59,489,22.66,6,3,926.14
2023-03-06,4266,28.15,441,13.48,0,3,860.01
2023-03-07,1666,26.14,713,22.13,1,3,818.98
2023-03-08,1092,22.98,592,48.66,2,3,569.29
2023-03-09,1671,23.65,291,47.79,3,3,396.69
2023-03-10,2969,19.95,598,23.4,4,3,722.68
2023-03-11,1060,7.81,921,32.83,5,3,854.6
2023-03-12,3681,27.22,811,46.38,6,3,1180.15
2023-03-13,4122,20.12,332,10.25,0,3,732.41
2023-03-14,4474,16.81,326,42.43,1,3,641.27
2023-03-15,4860,3.33,470,47.93,2,3,567.42
2023-03-16,2028,13.41,238,13.65,3,3,596.51
2023-03-17,2489,13.81,955,16.46,4,3,986.44
2023-03-18,1603,25.94,916,48.43,5,3,1112.23
2023-03-19,1681,16.4,248,31.5,6,3,566.77
2023-03-20,4900,11.41,214,10.57,0,3,722.38
2023-03-21,3581,29.3,549,20.31,1,3,900.8
2023-03-22,2428,3.32,162,28.0,2,3,343.75
2023-03-23,3885,12.68,203,37.72,3,3,565.8
2023-03-24,4584,1.26,950,39.33,4,3,717.17
2023-03-25,3692,22.2,970,49.82,5,3,1105.16
2023-03-26,3280,27.54,767,21.5,6,3,1352.26
2023-03-27,1523,8.4,372,31.53,0,3,472.43
2023-03-28,3393,25.75,105,31.33,1,3,562.6
2023-03-29,4117,8.77,246,26.23,2,3,601.13
2023-03-30,3593,27.32,283,16.77,3,3,807.72
2023-03-31,2968,22.62,127,49.1,4,3,496.62
2023-04-01,2101,24.15,649,44.13,5,4,911.53
2023-04-02,2753,0.54,218,29.93,6,4,523.65
2023-04-03,2836,28.88,392,34.13,0,4,858.83
2023-04-04,4994,21.8,470,19.09,1,4,961.55
2023-04-05,4144,9.14,343,31.75,2,4,598.88
2023-04-06,3841,24.88,679,37.8,3,4,911.95
2023-04-07,3296,8.45,825,30.61,4,4,773.87
2023-04-08,3094,26.18,317,49.61,5,4,867.91
2023-04-09,2144,3.38,276,34.45,6,4,469.28
2023-04-10,3261,21.11,398,24.84,0,4,723.38
2023-04-11,3286,16.22,775,40.89,1,4,737.74
2023-04-12,2079,2.9,157,16.82,2,4,452.43
2023-04-13,3397,7.26,368,25.38,3,4,626.02
2023-04-14,1106,0.37,407,23.88,4,4,367.32
2023-04-15,3878,14.06,669,27.27,5,4,1106.44
2023-04-16,1047,9.04,387,41.27,6,4,386.11
2023-04-17,4644,17.95,204,29.37,0,4,672.99
2023-04-18,1336,8.92,327,41.76,1,4,360.81
2023-04-19,2049,9.0,346,33.06,2,4,537.16
2023-04-20,3851,22.3,799,23.68,3,4,965.19
2023-04-21,2280,1.44,593,42.4,4,4,392.07
2023-04-22,3055,27.09,182,19.53,5,4,875.58
2023-04-23,1624,25.57,285,18.98,6,4,786.4
2023-04-24,2890,20.03,351,30.18,0,4,709.39
2023-04-25,2276,17.8,454,20.43,1,4,773.72
2023-04-26,2715,26.77,849,10.36,2,4,1105.0
2023-04-27,3766,5.56,971,35.93,3,4,895.04
2023-04-28,1302,2.37,795,30.44,4,4,591.48
2023-04-29,1638,7.19,895,27.82,5,4,938.74
2023-04-30,1055,23.84,996,48.68,6,4,994.74
2023-05-01,1725,1.04,309,32.85,0,5,304.38
2023-05-02,1525,17.48,915,44.54,1,5,627.39
2023-05-03,1473,29.86,907,15.58,2,5,1017.87
2023-05-04,1027,25.67,708,32.77,3,5,723.73
2023-05-05,3125,15.64,546,44.72,4,5,637.19
2023-05-06,4287,1.91,559,33.32,5,5,801.61
2023-05-07,4457,24.94,571,38.72,6,5,1068.16
2023-05-08,1364,17.97,819,24.88,0,5,731.41
2023-05-09,3713,3.45,469,13.7,1,5,674.26
2023-05-10,1525,2.82,999,28.32,2,5,738.37
2023-05-11,3746,27.29,591,25.78,3,5,841.22
2023-05-12,2335,20.08,236,44.68,4,5,443.22
2023-05-13,1882,24.88,466,19.76,5,5,962.74
2023-05-14,2030,26.37,283,48.67,6,5,590.22
2023-05-15,2026,17.15,687,48.33,0,5,564.86
2023-05-16,2646,15.52,386,19.91,1,5,655.75
2023-05-17,1918,12.91,571,23.92,2,5,583.3
2023-05-18,3797,9.51,474,45.82,3,5,554.69
2023-05-19,3410,13.04,753,48.66,4,5,626.3
2023-05-20,2774,23.22,848,27.74,5,5,1240.42
2023-05-21,2531,18.06,636,22.84,6,5,1117.9
2023-05-22,4345,26.78,610,31.04,0,5,864.32
2023-05-23,4577,13.3,901,37.51,1,5,918.79
2023-05-24,3853,18.21,678,20.94,2,5,851.65
2023-05-25,3786,18.94,349,39.46,3,5,660.68
2023-05-26,2906,17.75,609,12.07,4,5,781.53
2023-05-27,4086,21.08,729,11.97,5,5,1341.88
2023-05-28,2215,7.12,172,25.45,6,5,462.87
2023-05-29,2654,15.37,381,24.14,0,5,603.65
2023-05-30,1484,3.13,459,22.63,1,5,414.18
2023-05-31,3075,11.54,109,29.64,2,5,471.25
2023-06-01,1713,14.63,310,22.83,3,6,432.58
2023-06-02,2062,19.57,934,17.69,4,6,884.1
2023-06-03,2976,28.52,251,22.38,5,6,828.12
2023-06-04,2296,18.02,104,49.0,6,6,376.36
2023-06-05,2254,22.31,294,26.44,0,6,555.41
2023-06-06,3133,15.19,382,27.79,1,6,527.72
2023-06-07,4545,19.02,563,33.06,2,6,745.74
2023-06-08,1125,2.13,212,49.33,3,6,204.63
2023-06-09,3859,7.63,370,19.66,4,6,540.33
2023-06-10,1536,10.86,262,37.25,5,6,480.46
2023-06-11,3192,14.17,559,38.64,6,6,827.49
2023-06-12,4596,1.37,204,34.29,0,6,362.72
2023-06-13,4283,4.2,792,13.54,1,6,728.61
2023-06-14,3072,8.3,655,37.07,2,6,586.26
2023-06-15,2603,29.15,381,12.56,3,6,723.46
2023-06-16,4465,9.94,786,33.85,4,6,838.57
2023-06-17,1066,14.46,261,39.58,5,6,413.57
2023-06-18,1232,5.88,450,18.44,6,6,552.61
2023-06-19,3156,18.32,533,43.66,0,6,516.79
2023-06-20,2169,8.42,951,11.21,1,6,859.66
2023-06-21,3158,6.21,239,43.75,2,6,298.52
2023-06-22,3275,15.5,570,28.41,3,6,661.9
2023-06-23,1110,0.17,231,18.7,4,6,341.85
2023-06-24,2493,0.23,186,15.35,5,6,460.37
2023-06-25,3081,6.57,787,48.13,6,6,716.45
2023-06-26,1622,1.1,282,12.91,0,6,388.08
2023-06-27,4847,3.24,467,17.96,1,6,684.21
2023-06-28,4440,10.17,228,23.91,2,6,575.74
2023-06-29,3795,24.08,345,34.81,3,6,617.27
2023-06-30,3642,17.16,700,31.79,4,6,739.68
2023-07-01,4625,15.38,677,15.03,5,7,956.36
2023-07-02,3472,8.8,769,21.59,6,7,762.92
2023-07-03,3660,27.95,998,19.55,0,7,920.95
2023-07-04,2541,11.91,477,18.54,1,7,615.03
2023-07-05,3739,2.61,248,26.45,2,7,330.64
2023-07-06,2305,18.51,951,38.16,3,7,614.29
2023-07-07,4391,3.42,532,18.7,4,7,522.64
2023-07-08,2761,10.36,727,24.67,5,7,801.11
2023-07-09,4514,15.22,825,25.64,6,7,996.51
2023-07-10,2975,26.23,568,49.06,0,7,532.55
2023-07-11,3362,14.81,545,48.19,1,7,417.72
2023-07-12,1876,21.07,580,42.01,2,7,488.93
2023-07-13,2989,29.78,983,19.67,3,7,804.36
2023-07-14,4812,3.94,393,12.72,4,7,572.92
2023-07-15,4448,8.24,864,22.68,5,7,980.3
2023-07-16,2312,11.84,242,20.67,6,7,462.3
2023-07-17,2460,12.65,349,30.24,0,7,336.03
2023-07-18,3709,12.33,977,41.11,1,7,748.32
2023-07-19,3324,27.23,401,44.33,2,7,492.17
2023-07-20,2733,21.42,124,43.79,3,7,395.44
2023-07-21,2605,18.24,888,24.39,4,7,701.71
2023-07-22,2526,9.28,988,37.49,5,7,782.7
2023-07-23,3671,24.71,989,22.51,6,7,1145.5
2023-07-24,3563,28.65,169,12.44,0,7,568.58
2023-07-25,4421,24.64,724,38.06,1,7,724.05
2023-07-26,3890,0.05,974,10.39,2,7,713.44
2023-07-27,4517,19.09,211,26.37,3,7,465.13
2023-07-28,4901,1.53,463,23.18,4,7,543.52
2023-07-29,3397,7.73,402,37.74,5,7,511.77
2023-07-30,2630,1.79,570,40.65,6,7,473.85
2023-07-31,4735,18.11,190,22.16,0,7,486.33
2023-08-01,3870,20.6,629,42.47,1,8,587.49
2023-08-02,2160,3.43,760,21.76,2,8,494.93
2023-08-03,1758,11.52,838,27.85,3,8,537.77
2023-08-04,3946,13.69,825,39.08,4,8,529.91
2023-08-05,1242,11.07,971,37.72,5,8,521.83
2023-08-06,3590,3.63,762,49.49,6,8,612.43
2023-08-07,2063,12.57,291,19.01,0,8,358.25
2023-08-08,1228,22.54,651,36.49,1,8,404.24
2023-08-09,3595,2.13,341,34.39,2,8,327.91
2023-08-10,1919,2.41,237,46.6,3,8,208.78
2023-08-11,2246,10.64,444,16.25,4,8,418.55
2023-08-12,1005,28.25,279,40.07,5,8,492.12
2023-08-13,4393,20.06,811,32.73,6,8,872.79
2023-08-14,1467,20.36,602,20.99,0,8,432.46
2023-08-15,2755,10.86,302,28.98,1,8,306.76
2023-08-16,1074,17.81,672,23.35,2,8,513.87
2023-08-17,1003,0.3,291,33.17,3,8,37.02
2023-08-18,2870,19.08,104,45.56,4,8,256.0
2023-08-19,1645,27.4,989,32.77,5,8,738.62
2023-08-20,1117,18.38,336,35.27,6,8,374.99
2023-08-21,3928,26.21,792,30.75,0,8,638.83
2023-08-22,2629,21.72,410,12.05,1,8,499.71
2023-08-23,3551,3.62,648,19.31,2,8,456.13
2023-08-24,3021,27.07,155,29.68,3,8,354.2
2023-08-25,1946,1.99,542,22.41,4,8,469.9
2023-08-26,3621,16.02,336,17.27,5,8,709.13
2023-08-27,2464,4.26,969,30.17,6,8,598.36
2023-08-28,1193,0.35,960,22.91,0,8,531.22
2023-08-29,1846,12.66,296,20.32,1,8,328.84
2023-08-30,3762,8.85,684,28.56,2,8,507.72
2023-08-31,2415,14.58,670,15.33,3,8,531.26
2023-09-01,4097,17.32,851,47.11,4,9,446.83
2023-09-02,2458,1.31,613,44.71,5,9,390.85
2023-09-03,3220,3.69,548,38.3,6,9,408.7
2023-09-04,4371,16.76,459,14.25,0,9,468.39
2023-09-05,2668,10.3,799,41.04,1,9,327.21
2023-09-06,3373,21.88,918,42.32,2,9,472.91
2023-09-07,2433,19.57,129,40.71,3,9,159.42
2023-09-08,2141,25.37,878,14.56,4,9,584.18
2023-09-09,3883,20.77,207,35.76,5,9,387.0
2023-09-10,2810,12.9,943,43.37,6,9,567.94
2023-09-11,1723,20.19,701,33.09,0,9,484.93
2023-09-12,1224,8.26,816,35.86,1,9,411.12
2023-09-13,1531,9.19,990,28.33,2,9,445.75
2023-09-14,1112,23.67,544,31.15,3,9,370.79
2023-09-15,3187,13.39,992,11.38,4,9,690.9
2023-09-16,1558,23.95,537,35.56,5,9,513.44
2023-09-17,3048,24.67,831,13.26,6,9,768.7
2023-09-18,3137,25.73,989,27.4,0,9,536.59
2023-09-19,1653,27.5,705,21.71,1,9,520.15
2023-09-20,1319,12.93,556,31.82,2,9,361.75
2023-09-21,2573,9.57,714,15.34,3,9,422.97
2023-09-22,2828,17.47,834,37.67,4,9,478.22
2023-09-23,2917,11.14,797,41.8,5,9,505.99
2023-09-24,1138,18.03,795,16.53,6,9,603.26
2023-09-25,4582,21.17,594,14.17,0,9,441.99
2023-09-26,4939,20.65,773,15.82,1,9,612.35
2023-09-27,3892,11.24,346,45.09,2,9,342.67
2023-09-28,3026,5.01,642,31.13,3,9,332.98
2023-09-29,3306,12.92,663,28.69,4,9,439.62
2023-09-30,4744,4.28,956,14.27,5,9,715.14
2023-10-01,1901,26.7,687,35.98,6,10,567.26
2023-10-02,1689,10.38,996,44.72,0,10,368.76
2023-10-03,3039,4.63,538,43.13,1,10,225.05
2023-10-04,1009,0.76,377,35.04,2,10,229.13
2023-10-05,1260,19.37,651,13.01,3,10,475.79
2023-10-06,2942,19.11,712,14.5,4,10,468.35
2023-10-07,2673,10.22,210,11.97,5,10,424.86
2023-10-08,3219,2.15,484,20.3,6,10,454.81
2023-10-09,3945,12.29,932,15.43,0,10,585.98
2023-10-10,3060,9.34,860,20.4,1,10,384.07
2023-10-11,2191,20.31,290,25.4,2,10,373.06
2023-10-12,4713,18.17,589,47.72,3,10,376.14
2023-10-13,2619,10.94,793,34.42,4,10,376.61
2023-10-14,1320,6.54,525,43.4,5,10,415.18
2023-10-15,2342,29.64,504,38.41,6,10,528.11
2023-10-16,2636,13.62,434,14.5,0,10,359.99
2023-10-17,3376,20.65,308,39.44,1,10,211.74
2023-10-18,3832,4.22,121,21.0,2,10,327.59
2023-10-19,3824,14.57,777,35.56,3,10,381.24
2023-10-20,2994,0.83,710,23.64,4,10,315.31
2023-10-21,3958,15.16,307,49.91,5,10,340.58
2023-10-22,2943,28.92,107,20.54,6,10,542.75
2023-10-23,4621,11.53,801,21.17,0,10,555.15
2023-10-24,3038,1.17,786,47.23,1,10,299.78
2023-10-25,4490,0.93,884,10.99,2,10,526.83
2023-10-26,4677,11.64,628,37.87,3,10,382.16
2023-10-27,2118,4.8,701,39.01,4,10,307.73
2023-10-28,4888,0.7,752,43.46,5,10,489.18
2023-10-29,2604,22.69,756,48.98,6,10,566.41
2023-10-30,3365,13.76,265,49.02,0,10,285.78
2023-10-31,1235,8.68,948,12.61,1,10,477.82
2023-11-01,2969,27.0,595,42.87,2,11,417.19
2023-11-02,1333,3.48,689,35.85,3,11,326.4
2023-11-03,2908,28.68,528,35.89,4,11,444.37
2023-11-04,1375,9.42,873,15.13,5,11,540.22
2023-11-05,4530,26.65,262,36.01,6,11,523.01
2023-11-06,2160,18.09,465,49.3,0,11,294.54
2023-11-07,3635,24.8,625,46.47,1,11,487.99
2023-11-08,2570,29.52,338,27.57,2,11,406.84
2023-11-09,3560,8.65,171,11.6,3,11,278.27
2023-11-10,2319,28.83,544,24.49,4,11,477.87
2023-11-11,4391,11.68,754,43.06,5,11,582.4
2023-11-12,3965,11.57,921,38.06,6,11,652.92
2023-11-13,4643,10.21,608,28.37,0,11,501.34
2023-11-14,2855,16.24,894,12.2,1,11,620.35
2023-11-15,2372,4.62,368,27.08,2,11,242.25
2023-11-16,4911,16.61,852,28.76,3,11,543.16
2023-11-17,4850,16.25,514,47.14,4,11,349.47
2023-11-18,1872,22.86,344,35.64,5,11,454.33
2023-11-19,2252,25.01,774,22.47,6,11,755.59
2023-11-20,3317,13.21,159,31.01,0,11,265.59
2023-11-21,2851,9.07,105,12.64,1,11,279.49
2023-11-22,3845,7.78,808,48.9,2,11,467.99
2023-11-23,2314,5.84,669,24.4,3,11,401.29
2023-11-24,1724,1.73,916,29.11,4,11,407.35
2023-11-25,4236,10.27,506,24.21,5,11,494.07
2023-11-26,3052,8.11,316,37.3,6,11,377.8
2023-11-27,3898,28.99,125,36.49,0,11,319.49
2023-11-28,4450,16.73,914,38.61,1,11,482.81
2023-11-29,1077,10.42,104,20.73,2,11,186.34
2023-11-30,4481,17.41,631,22.63,3,11,490.79
2023-12-01,3621,4.18,489,15.01,4,12,443.68
2023-12-02,1131,13.32,809,36.22,5,12,486.66
2023-12-03,1600,18.79,670,11.59,6,12,755.51
2023-12-04,2772,14.67,547,33.91,0,12,485.8
2023-12-05,2065,12.05,853,44.79,1,12,342.03
2023-12-06,3136,29.82,245,45.63,2,12,444.31
2023-12-07,3449,26.41,487,27.96,3,12,502.38
2023-12-08,3343,18.7,884,28.37,4,12,662.08
2023-12-09,2863,17.08,348,13.08,5,12,608.31
2023-12-10,2318,18.62,625,36.83,6,12,587.87
2023-12-11,1615,6.04,561,42.85,0,12,279.08
2023-12-12,4597,11.85,112,19.79,1,12,460.58
2023-12-13,3847,1.18,483,26.85,2,12,329.67
2023-12-14,4762,14.27,655,43.55,3,12,537.39
2023-12-15,4708,16.29,986,45.08,4,12,679.56
2023-12-16,3469,6.83,498,19.73,5,12,620.0
2023-12-17,2888,28.92,118,32.02,6,12,627.69
2023-12-18,2046,27.28,674,17.7,0,12,569.97
2023-12-19,1574,21.66,590,14.08,1,12,572.86
2023-12-20,3190,16.0,850,46.44,2,12,500.69
2023-12-21,1992,26.1,518,42.82,3,12,487.94
2023-12-22,3712,3.92,436,40.4,4,12,330.56
2023-12-23,3192,23.72,518,11.95,5,12,750.54
2023-12-24,2248,3.74,711,43.75,6,12,516.16
2023-12-25,4054,23.83,774,27.52,0,12,625.93
2023-12-26,1502,8.27,221,23.7,1,12,193.89
2023-12-27,2997,26.31,531,31.86,2,12,495.6
2023-12-28,1820,28.32,143,13.65,3,12,461.48
2023-12-29,4687,4.46,971,40.27,4,12,628.16
2023-12-30,3151,13.88,416,33.3,5,12,523.25
2023-12-31,4110,29.43,480,17.46,6,12,889.82
2024-01-01,2970,14.5,244,17.53,0,1,406.56
2024-01-02,1197,25.91,426,17.37,1,1,528.49
2024-01-03,2669,17.66,462,12.28,2,1,583.72
2024-01-04,3626,11.26,149,33.51,3,1,357.69
2024-01-05,3438,8.57,164,43.61,4,1,292.22
2024-01-06,2202,6.1,454,10.7,5,1,667.61
2024-01-07,3601,22.85,899,11.96,6,1,1099.24
2024-01-08,2471,11.6,263,32.91,0,1,363.92
2024-01-09,4571,15.34,240,42.78,1,1,431.1
2024-01-10,4086,14.77,925,23.07,2,1,730.82
2024-01-11,2646,17.32,227,23.98,3,1,436.04
2024-01-12,2692,25.97,497,33.85,4,1,564.69
2024-01-13,2312,29.42,979,20.97,5,1,1080.8
2024-01-14,3035,12.23,562,11.06,6,1,806.35
2024-01-15,1477,24.83,850,39.41,0,1,619.19
2024-01-16,2254,22.94,935,35.03,1,1,673.44
2024-01-17,1922,17.21,907,33.23,2,1,694.03
2024-01-18,1419,28.68,286,39.67,3,1,357.99
2024-01-19,3204,6.01,819,37.01,4,1,514.82
2024-01-20,3597,3.28,831,18.24,5,1,980.48
2024-01-21,4512,25.62,289,24.1,6,1,761.45
2024-01-22,2120,13.17,487,15.04,0,1,463.29
2024-01-23,4068,25.41,528,15.19,1,1,778.62
2024-01-24,4044,26.79,957,37.05,2,1,710.25
2024-01-25,4482,1.87,383,44.34,3,1,358.81
2024-01-26,1950,26.5,963,48.51,4,1,759.48
2024-01-27,3336,13.45,336,35.13,5,1,485.82
2024-01-28,2277,15.31,293,17.36,6,1,507.66
2024-01-29,3243,18.8,386,14.23,0,1,520.84
2024-01-30,3645,27.79,870,42.51,1,1,784.93
2024-01-31,2857,0.57,857,33.15,2,1,580.73
2024-02-01,4593,14.31,235,34.73,3,2,508.47
2024-02-02,1516,20.63,891,41.26,4,2,713.77
2024-02-03,2658,21.68,882,38.13,5,2,1068.91
2024-02-04,2865,20.78,270,43.38,6,2,688.21
2024-02-05,3912,4.03,258,12.25,0,2,527.98
2024-02-06,2141,8.98,300,39.9,1,2,229.24
2024-02-07,3853,10.76,586,44.03,2,2,525.87
2024-02-08,2932,24.13,656,21.45,3,2,777.72
2024-02-09,4230,8.36,875,35.62,4,2,734.91
2024-02-10,1814,6.32,682,22.57,5,2,739.96
2024-02-11,3275,28.72,603,48.32,6,2,942.69
2024-02-12,2900,0.27,975,11.34,0,2,846.23
2024-02-13,3263,29.93,470,33.19,1,2,709.79
2024-02-14,3995,20.3,202,16.66,2,2,698.56
2024-02-15,4767,24.85,224,38.49,3,2,632.37
2024-02-16,3062,8.84,412,17.04,4,2,582.17
2024-02-17,4228,0.43,897,19.42,5,2,1056.78
2024-02-18,4719,22.14,557,29.77,6,2,1030.62
2024-02-19,4332,25.02,329,46.59,0,2,695.63
2024-02-20,4228,22.21,757,18.47,1,2,847.59
2024-02-21,3094,4.29,981,15.77,2,2,782.16
2024-02-22,3371,22.6,296,40.36,3,2,529.55
2024-02-23,3891,23.07,984,30.02,4,2,967.93
2024-02-24,4756,19.76,832,46.47,5,2,1104.36
2024-02-25,1129,22.98,522,15.86,6,2,850.62
2024-02-26,4482,25.38,671,35.84,0,2,752.67
2024-02-27,1094,18.41,709,19.32,1,2,719.46
2024-02-28,3674,2.66,270,16.27,2,2,534.1
2024-02-29,3802,14.63,481,37.34,3,2,492.68
2024-03-01,2955,2.33,272,33.75,4,3,385.88
2024-03-02,4363,12.23,762,40.19,5,3,935.56
2024-03-03,1793,12.21,552,22.38,6,3,779.52
2024-03-04,2834,1.98,449,27.92,0,3,455.69
2024-03-05,4354,10.46,733,26.22,1,3,876.37
2024-03-06,3116,3.33,593,49.36,2,3,475.53
2024-03-07,2683,24.25,719,21.69,3,3,826.75
2024-03-08,1010,28.43,103,21.79,4,3,560.75
2024-03-09,4325,2.17,192,24.18,5,3,566.21
2024-03-10,2865,28.65,105,32.58,6,3,756.05
2024-03-11,3919,15.68,387,20.09,0,3,684.58
2024-03-12,3597,8.99,717,46.61,1,3,618.53
2024-03-13,4205,2.31,245,20.63,2,3,558.82
2024-03-14,1711,15.02,882,45.83,3,3,692.93
2024-03-15,3070,23.84,523,14.14,4,3,926.9
2024-03-16,1814,21.21,989,36.26,5,3,1100.86
2024-03-17,1345,1.51,707,46.28,6,3,556.94
2024-03-18,3349,2.19,556,16.75,0,3,637.74
2024-03-19,1362,12.09,840,48.73,1,3,584.99
2024-03-20,3443,8.86,301,28.12,2,3,554.68
2024-03-21,3265,6.97,311,47.83,3,3,378.42
2024-03-22,3188,8.43,105,37.07,4,3,266.94
2024-03-23,4687,24.1,723,22.06,5,3,1336.71
2024-03-24,4005,27.88,475,17.53,6,3,1206.59
2024-03-25,4281,12.15,990,22.15,0,3,969.46
2024-03-26,1984,27.18,546,13.72,1,3,775.4
2024-03-27,4040,9.64,934,15.75,2,3,1048.87
2024-03-28,4694,14.29,205,14.19,3,3,730.21
2024-03-29,2639,6.78,750,26.92,4,3,683.47
2024-03-30,1827,19.21,910,41.82,5,3,925.71
2024-03-31,3730,29.37,500,15.66,6,3,1176.05
2024-04-01,4531,18.1,195,15.21,0,4,810.45
2024-04-02,4051,10.73,487,35.74,1,4,662.78
2024-04-03,1355,19.43,551,17.89,2,4,692.92
2024-04-04,4055,3.69,948,13.9,3,4,989.99
2024-04-05,2347,26.66,908,16.67,4,4,1012.88
2024-04-06,4204,15.09,515,46.95,5,4,923.75
2024-04-07,3935,13.48,825,42.86,6,4,1115.95
2024-04-08,4876,17.58,603,24.16,0,4,892.9
2024-04-09,2863,18.74,553,36.23,1,4,661.64
2024-04-10,1126,2.15,390,31.49,2,4,222.79
2024-04-11,4177,20.48,633,37.08,3,4,758.51
2024-04-12,4056,7.26,292,37.31,4,4,441.49
2024-04-13,1603,21.42,249,35.15,5,4,641.1
2024-04-14,4870,24.68,979,20.64,6,4,1554.19
2024-04-15,4449,24.12,858,11.56,0,4,1103.77
2024-04-16,2928,16.58,878,28.22,1,4,881.75
2024-04-17,2013,15.61,862,45.64,2,4,729.99
2024-04-18,1050,4.29,614,32.78,3,4,505.43
2024-04-19,4100,23.26,492,43.3,4,4,647.84
2024-04-20,4533,8.14,415,49.66,5,4,685.58
2024-04-21,4367,14.9,175,16.54,6,4,817.8
2024-04-22,4368,8.53,698,37.67,0,4,795.8
2024-04-23,4797,4.01,369,36.97,1,4,604.33
2024-04-24,3826,18.89,324,49.2,2,4,508.9
2024-04-25,2430,1.63,629,49.42,3,4,402.42
2024-04-26,2792,22.46,212,37.47,4,4,518.7
2024-04-27,3861,9.53,350,19.74,5,4,750.19
2024-04-28,2636,0.0,332,41.94,6,4,447.62
2024-04-29,4476,15.33,940,14.28,0,4,1092.74
2024-04-30,4417,1.41,890,41.23,1,4,805.05
2024-05-01,2645,8.29,813,46.41,2,5,564.52
2024-05-02,3467,21.21,182,25.31,3,5,585.41
2024-05-03,2205,1.88,224,35.23,4,5,225.48
2024-05-04,4030,25.18,274,27.21,5,5,893.97
2024-05-05,3872,0.11,168,27.51,6,5,471.8
2024-05-06,4072,7.4,146,22.41,0,5,565.27
2024-05-07,2854,22.23,983,40.49,1,5,861.18
2024-05-08,1566,9.49,355,47.45,2,5,332.46
2024-05-09,3418,3.06,826,47.63,3,5,595.25
2024-05-10,1935,10.81,129,16.99,4,5,377.27
2024-05-11,2934,8.11,380,44.99,5,5,546.2
2024-05-12,3708,25.28,336,39.5,6,5,889.06
2024-05-13,4502,9.4,347,20.11,0,5,618.06
2024-05-14,4016,23.67,467,12.69,1,5,939.31
2024-05-15,2332,26.76,594,20.72,2,5,794.84
2024-05-16,4208,13.01,124,46.49,3,5,393.7
2024-05-17,1201,27.3,685,35.33,4,5,751.93
2024-05-18,4507,11.32,817,38.84,5,5,1028.9
2024-05-19,3360,28.92,589,20.29,6,5,1203.25
2024-05-20,1116,2.68,593,38.78,0,5,388.1
2024-05-21,4737,20.61,413,11.12,1,5,902.58
2024-05-22,1936,14.81,705,25.01,2,5,601.89
2024-05-23,4874,11.63,474,35.07,3,5,602.65
2024-05-24,1574,18.98,738,15.84,4,5,845.3
2024-05-25,3291,21.12,124,42.92,5,5,655.33
2024-05-26,1536,0.13,433,19.4,6,5,534.31
2024-05-27,2625,5.01,454,36.09,0,5,457.03
2024-05-28,3122,21.39,215,26.21,1,5,622.2
2024-05-29,4877,19.99,147,33.84,2,5,656.22
2024-05-30,1385,28.98,837,14.3,3,5,861.63
2024-05-31,4974,22.83,877,10.68,4,5,1125.77
2024-06-01,4281,28.52,198,46.38,5,6,715.21
2024-06-02,1474,21.08,558,20.79,6,6,874.72
2024-06-03,1417,8.94,622,42.79,0,6,558.76
2024-06-04,3394,3.16,696,49.97,1,6,475.64
2024-06-05,4600,23.45,504,18.46,2,6,765.65
2024-06-06,3687,19.32,313,20.61,3,6,665.39
2024-06-07,1938,1.45,784,36.51,4,6,571.47
2024-06-08,1954,10.8,602,48.62,5,6,576.23
2024-06-09,1875,28.7,820,46.63,6,6,878.91
2024-06-10,1762,15.01,547,30.12,0,6,595.78
2024-06-11,2202,12.98,993,41.8,1,6,725.63
2024-06-12,2205,13.73,675,15.43,2,6,653.59
2024-06-13,1663,6.27,357,49.1,3,6,284.25
2024-06-14,1024,11.06,943,48.57,4,6,594.99
2024-06-15,2990,11.09,220,16.55,5,6,722.14
2024-06-16,2203,1.57,909,21.98,6,6,858.44
2024-06-17,1709,23.03,153,14.01,0,6,512.06
2024-06-18,4572,12.5,430,20.87,1,6,747.01
2024-06-19,2879,24.67,883,42.64,2,6,722.97
2024-06-20,2184,25.51,340,25.13,3,6,624.09
2024-06-21,3224,6.36,854,13.54,4,6,720.4
2024-06-22,1284,19.72,629,23.69,5,6,883.17
2024-06-23,1062,14.17,582,49.26,6,6,514.79
2024-06-24,2002,26.4,286,35.19,0,6,580.7
2024-06-25,1661,6.47,957,26.65,1,6,696.63
2024-06-26,3713,20.33,755,16.66,2,6,820.91
2024-06-27,3203,18.23,361,49.45,3,6,534.88
2024-06-28,4953,8.86,463,42.83,4,6,640.55
2024-06-29,2492,4.1,590,21.26,5,6,772.31
2024-06-30,4120,19.55,530,12.8,6,6,1023.94
2024-07-01,1966,22.16,338,12.27,0,7,534.14
2024-07-02,1848,9.47,403,14.82,1,7,462.55
2024-07-03,2107,19.34,397,33.23,2,7,417.57
2024-07-04,4432,11.85,175,47.15,3,7,435.3
2024-07-05,1688,21.4,799,29.87,4,7,633.04
2024-07-06,1147,5.98,432,43.72,5,7,202.02
2024-07-07,4701,26.71,999,27.84,6,7,1198.83
2024-07-08,1341,8.62,857,38.34,0,7,469.7
2024-07-09,3523,11.03,741,39.27,1,7,560.7
2024-07-10,2086,1.74,573,16.96,2,7,444.22
2024-07-11,2724,3.35,926,24.45,3,7,651.47
2024-07-12,2383,15.48,382,35.49,4,7,474.28
2024-07-13,3608,8.03,690,12.83,5,7,867.58
2024-07-14,1326,25.06,171,24.46,6,7,519.81
2024-07-15,2792,0.44,362,31.39,0,7,328.9
2024-07-16,2759,11.37,802,49.85,1,7,501.47
2024-07-17,4212,10.12,978,28.98,2,7,697.73
2024-07-18,1989,0.58,986,42.64,3,7,514.22
2024-07-19,3262,3.73,674,27.28,4,7,549.14
2024-07-20,3482,12.41,991,41.86,5,7,935.67
2024-07-21,4962,14.79,111,33.82,6,7,636.98
2024-07-22,1951,12.13,240,45.46,0,7,228.98
2024-07-23,1722,15.93,865,26.44,1,7,668.35
2024-07-24,4389,17.85,654,34.17,2,7,605.47
2024-07-25,3079,0.3,116,35.2,3,7,261.52
2024-07-26,3717,13.92,162,26.7,4,7,402.73
2024-07-27,3332,28.9,352,15.77,5,7,806.55
2024-07-28,4376,15.57,564,13.74,6,7,924.33
2024-07-29,1428,20.33,475,10.67,0,7,436.95
2024-07-30,2500,9.36,903,44.94,1,7,448.79
2024-07-31,1285,23.22,619,19.46,2,7,591.44
2024-08-01,4215,23.19,936,18.46,3,8,750.72
2024-08-02,4495,15.64,189,39.44,4,8,345.55
2024-08-03,4090,29.28,819,22.8,5,8,862.86
2024-08-04,3065,3.77,903,30.24,6,8,614.78
2024-08-05,1768,0.51,895,16.5,0,8,502.33
2024-08-06,3637,23.1,729,48.39,1,8,552.98
2024-08-07,2394,24.21,960,44.06,2,8,574.72
2024-08-08,4246,3.61,274,44.55,3,8,336.63
2024-08-09,4057,7.97,175,26.27,4,8,364.32
2024-08-10,1193,0.53,712,40.49,5,8,345.17
2024-08-11,3549,8.8,762,15.76,6,8,730.6
2024-08-12,1987,23.19,499,10.34,0,8,467.72
2024-08-13,2136,15.54,881,10.8,1,8,614.68
2024-08-14,3161,10.44,170,33.46,2,8,346.54
2024-08-15,4293,11.15,279,28.22,3,8,437.49
2024-08-16,2701,0.04,223,30.72,4,8,300.43
2024-08-17,1946,8.99,480,10.3,5,8,548.14
2024-08-18,1830,19.39,392,26.91,6,8,585.45
2024-08-19,4715,29.23,896,38.72,0,8,699.53
2024-08-20,2920,25.41,294,27.71,1,8,522.68
2024-08-21,4335,0.71,327,39.29,2,8,302.16
2024-08-22,3972,26.96,530,19.32,3,8,655.56
2024-08-23,1054,23.5,535,42.53,4,8,449.49
2024-08-24,4942,23.41,886,33.54,5,8,897.65
2024-08-25,4714,13.74,560,18.43,6,8,759.52
2024-08-26,1799,11.94,717,19.47,0,8,553.13
2024-08-27,1777,9.09,120,35.12,1,8,192.2
2024-08-28,2481,1.97,163,43.2,2,8,94.63
2024-08-29,2901,6.85,264,26.63,3,8,423.61
2024-08-30,3209,7.4,126,20.33,4,8,289.63
2024-08-31,4451,14.52,410,44.68,5,8,537.59
2024-09-01,3134,22.42,384,36.77,6,9,544.54
2024-09-02,1054,14.21,759,27.92,0,9,362.17
2024-09-03,4547,1.74,380,29.52,1,9,279.48
2024-09-04,2823,28.73,937,18.17,2,9,645.53
2024-09-05,2201,28.28,930,35.07,3,9,452.87
2024-09-06,4462,23.56,263,24.35,4,9,426.02
2024-09-07,4420,29.74,997,49.83,5,9,790.32
2024-09-08,4079,16.33,323,29.21,6,9,484.74
2024-09-09,1832,28.88,883,29.44,0,9,462.2
2024-09-10,1312,2.27,245,32.63,1,9,241.5
2024-09-11,3806,10.97,967,46.67,2,9,472.62
2024-09-12,2858,6.76,129,42.03,3,9,248.04
2024-09-13,3007,5.87,144,28.05,4,9,219.95
2024-09-14,3006,4.22,886,38.75,5,9,480.19
2024-09-15,3490,18.67,570,33.45,6,9,576.02
2024-09-16,2790,23.44,133,29.69,0,9,308.78
2024-09-17,1327,17.35,752,17.69,1,9,398.16
2024-09-18,4125,4.41,526,28.56,2,9,450.35
2024-09-19,3808,24.33,929,19.83,3,9,603.61
2024-09-20,4310,19.08,985,46.59,4,9,447.71
2024-09-21,4300,11.64,320,23.42,5,9,565.89
2024-09-22,3626,20.22,967,48.09,6,9,638.2
2024-09-23,4122,7.8,633,31.32,0,9,387.87
2024-09-24,4680,10.36,791,35.26,1,9,397.99
2024-09-25,4675,27.52,466,31.72,2,9,591.68
2024-09-26,4054,8.72,940,15.18,3,9,507.36
2024-09-27,2287,14.1,842,25.03,4,9,475.74
2024-09-28,4489,26.7,649,13.97,5,9,842.23
2024-09-29,4874,21.23,681,34.92,6,9,705.59
2024-09-30,3143,1.87,215,27.87,0,9,232.92
2024-10-01,2111,4.42,338,41.12,1,10,104.27
2024-10-02,4149,0.24,434,18.82,2,10,301.7
2024-10-03,2311,18.93,540,16.58,3,10,429.43
2024-10-04,4191,13.43,247,26.25,4,10,299.81
2024-10-05,3861,4.03,108,47.06,5,10,222.34
2024-10-06,3538,28.74,387,38.42,6,10,552.35
2024-10-07,4983,15.89,487,26.76,0,10,494.22
2024-10-08,1451,7.26,149,30.69,1,10,104.42
2024-10-09,2523,15.02,949,13.37,2,10,641.17
2024-10-10,1164,20.39,616,49.38,3,10,332.93
2024-10-11,1181,2.29,954,36.66,4,10,332.88
2024-10-12,3516,8.24,737,21.42,5,10,627.27
2024-10-13,1909,24.21,686,33.43,6,10,660.96
2024-10-14,3782,13.79,776,14.38,0,10,444.61
2024-10-15,1822,16.4,377,48.63,1,10,219.67
2024-10-16,1943,12.98,935,16.99,2,10,364.13
2024-10-17,3001,1.32,399,35.92,3,10,248.04
2024-10-18,3054,4.97,901,19.82,4,10,475.92
2024-10-19,1329,13.37,688,38.7,5,10,412.15
2024-10-20,1774,6.28,909,41.07,6,10,419.67
2024-10-21,4744,1.5,748,36.94,0,10,292.12
2024-10-22,3198,25.31,717,34.58,1,10,492.07
2024-10-23,4156,29.44,706,45.7,2,10,560.81
2024-10-24,1146,23.79,234,13.15,3,10,303.32
2024-10-25,4695,25.61,679,23.24,4,10,578.56
2024-10-26,4452,7.26,246,19.93,5,10,357.86
2024-10-27,1914,28.82,589,49.52,6,10,490.83
2024-10-28,2571,5.91,577,25.58,0,10,315.44
2024-10-29,2308,28.54,258,39.3,1,10,277.17
2024-10-30,3747,29.84,483,37.39,2,10,404.63
2024-10-31,1081,21.35,262,18.48,3,10,286.39
2024-11-01,1513,29.43,540,19.56,4,11,484.94
2024-11-02,2920,17.09,952,21.25,5,11,663.04
2024-11-03,3862,7.79,288,26.45,6,11,401.96
2024-11-04,3756,13.11,514,19.37,0,11,443.09
2024-11-05,2939,17.81,438,10.79,1,11,397.06
2024-11-06,4594,2.19,706,45.18,2,11,462.71
2024-11-07,1745,18.67,280,48.62,3,11,183.45
2024-11-08,4070,29.44,387,23.66,4,11,466.5
2024-11-09,2409,5.7,933,23.54,5,11,549.19
2024-11-10,1706,23.78,286,10.28,6,11,608.1
2024-11-11,1470,27.24,983,37.21,0,11,544.7
2024-11-12,4190,28.31,237,43.02,1,11,334.89
2024-11-13,1395,28.8,229,15.86,2,11,434.63
2024-11-14,2555,15.64,293,16.39,3,11,371.37
2024-11-15,3308,29.32,415,41.6,4,11,425.84
2024-11-16,1804,22.72,884,34.65,5,11,610.45
2024-11-17,1933,4.85,963,11.79,6,11,599.23
2024-11-18,2279,14.31,243,34.9,0,11,276.77
2024-11-19,2757,21.55,115,22.36,1,11,301.74
2024-11-20,1904,7.42,401,24.75,2,11,380.41
2024-11-21,4297,19.22,522,40.79,3,11,361.0
2024-11-22,2076,20.0,344,42.44,4,11,364.89
2024-11-23,3987,4.88,206,26.01,5,11,370.41
2024-11-24,2890,16.95,187,47.89,6,11,318.53
2024-11-25,2523,23.15,228,26.26,0,11,390.47
2024-11-26,4577,14.97,986,40.87,1,11,515.21
2024-11-27,3901,0.36,440,29.36,2,11,359.41
2024-11-28,2387,0.27,103,45.9,3,11,0.0
2024-11-29,2303,10.71,426,46.31,4,11,215.43
2024-11-30,1592,27.79,509,13.5,5,11,567.72
2024-12-01,3761,6.86,978,47.46,6,12,596.83
2024-12-02,4229,19.03,405,43.02,0,12,423.25
2024-12-03,3679,6.66,706,41.65,1,12,453.97
2024-12-04,3106,9.65,820,18.04,2,12,604.9
2024-12-05,4798,25.44,324,42.2,3,12,489.75
2024-12-06,1127,21.87,447,44.01,4,12,298.26
2024-12-07,1735,2.86,420,21.57,5,12,427.1
2024-12-08,3768,12.86,658,48.09,6,12,574.22
2024-12-09,4953,0.88,280,11.99,0,12,477.48
2024-12-10,4186,14.43,717,16.0,1,12,660.65
2024-12-11,4280,19.87,810,31.5,2,12,630.07
2024-12-12,3573,3.56,485,33.03,3,12,325.68
2024-12-13,1520,8.67,717,35.81,4,12,352.49
2024-12-14,3599,11.94,891,10.68,5,12,832.68
2024-12-15,1236,27.59,871,48.41,6,12,634.88
2024-12-16,2304,29.8,207,11.78,0,12,504.25
2024-12-17,4430,1.35,630,15.72,1,12,550.58
2024-12-18,4272,22.83,509,10.56,2,12,632.43
2024-12-19,2781,11.15,395,32.67,3,12,360.26
2024-12-20,2301,11.77,917,47.29,4,12,465.81
2024-12-21,4306,22.63,270,36.64,5,12,550.06
2024-12-22,3541,27.55,430,42.91,6,12,566.94
2024-12-23,3051,28.53,592,10.53,0,12,562.41
2024-12-24,3713,17.31,294,31.68,1,12,376.1
2024-12-25,1441,10.71,111,28.38,2,12,244.87
2024-12-26,3076,23.63,294,29.96,3,12,398.88
2024-12-27,4180,7.53,589,12.89,4,12,532.45
2024-12-28,3657,16.92,894,37.38,5,12,784.6
2024-12-29,4798,10.76,980,30.13,6,12,873.92
2024-12-30,1804,19.7,281,40.61,0,12,249.61
2024-12-31,1074,7.21,916,29.41,1,12,500.98
2025-01-01,3885,5.75,755,15.98,2,1,718.72
2025-01-02,4217,27.55,997,35.93,3,1,793.88
2025-01-03,3175,3.05,415,16.9,4,1,423.51
2025-01-04,4924,15.18,793,44.9,5,1,918.01
2025-01-05,3089,6.63,129,34.52,6,1,365.02
2025-01-06,2379,1.17,695,16.29,0,1,413.86
2025-01-07,1040,1.08,777,48.49,1,1,258.99
2025-01-08,3981,5.26,895,30.73,2,1,632.96
2025-01-09,3081,26.0,892,12.92,3,1,796.14
2025-01-10,4088,8.47,195,35.07,4,1,354.16
2025-01-11,2700,28.51,480,20.13,5,1,852.43
2025-01-12,4224,17.45,877,42.15,6,1,971.22
2025-01-13,4045,13.1,543,42.71,0,1,496.15
2025-01-14,2401,17.4,397,49.16,1,1,425.91
2025-01-15,1587,15.5,907,30.07,2,1,687.22
2025-01-16,2622,22.76,836,28.2,3,1,778.33
2025-01-17,4700,8.47,944,40.14,4,1,693.94
2025-01-18,4945,10.59,460,15.3,5,1,733.17
2025-01-19,1341,26.82,473,31.88,6,1,687.93
2025-01-20,3074,28.39,653,31.85,0,1,735.22
2025-01-21,4896,26.78,402,13.58,1,1,747.87
2025-01-22,4358,12.58,520,26.72,2,1,680.2
2025-01-23,1645,23.41,345,44.13,3,1,429.87
2025-01-24,1730,14.29,819,44.25,4,1,535.6
2025-01-25,1167,14.93,336,13.97,5,1,629.32
2025-01-26,1609,6.14,633,13.63,6,1,685.69
2025-01-27,3315,17.73,284,20.51,0,1,394.04
2025-01-28,2772,5.58,567,44.99,1,1,360.16
2025-01-29,3040,9.95,853,15.16,2,1,756.85
2025-01-30,3868,25.65,462,38.8,3,1,549.03
2025-01-31,1454,6.21,382,14.05,4,1,393.79
2025-02-01,3953,2.13,652,34.93,5,2,696.6
2025-02-02,2708,2.07,435,24.24,6,2,694.29
2025-02-03,4472,28.22,261,41.56,0,2,711.98
2025-02-04,3969,15.21,259,19.35,1,2,561.83
2025-02-05,4028,12.28,573,35.57,2,2,641.04
2025-02-06,4547,24.33,700,19.43,3,2,891.52
2025-02-07,1701,25.07,421,38.55,4,2,561.26
2025-02-08,3681,9.97,111,44.95,5,2,449.23
2025-02-09,4629,20.81,523,15.07,6,2,1134.56
2025-02-10,2599,23.13,172,44.66,0,2,431.17
2025-02-11,1129,19.64,687,33.74,1,2,744.37
2025-02-12,4067,4.55,957,15.08,2,2,807.78
2025-02-13,2845,26.28,300,27.1,3,2,531.97
2025-02-14,2386,16.17,621,16.43,4,2,687.49
2025-02-15,4776,8.47,963,38.01,5,2,970.68
2025-02-16,3866,12.76,604,40.35,6,2,725.47
2025-02-17,1692,1.13,837,14.23,0,2,590.78
2025-02-18,4363,3.84,787,30.25,1,2,658.16
2025-02-19,2394,22.97,887,42.59,2,2,694.37
2025-02-20,1793,0.0,138,47.45,3,2,149.67
2025-02-21,1028,12.5,159,30.54,4,2,276.3
2025-02-22,1148,15.68,677,48.01,5,2,609.28
2025-02-23,4850,1.64,420,31.43,6,2,742.09
2025-02-24,2319,29.19,534,25.77,0,2,691.07
2025-02-25,3058,6.78,735,43.93,1,2,540.53
2025-02-26,4583,9.13,775,29.72,2,2,781.38
2025-02-27,3723,9.12,507,28.88,3,2,498.06
2025-02-28,2136,6.91,485,29.61,4,2,350.0
2025-03-01,1186,0.04,770,43.87,5,3,587.73
2025-03-02,3854,21.88,668,43.28,6,3,1037.64
2025-03-03,3791,29.01,177,26.14,0,3,810.83
2025-03-04,2250,6.73,293,23.33,1,3,470.09
2025-03-05,2333,19.89,384,29.68,2,3,646.95
2025-03-06,1097,22.26,626,32.91,3,3,643.75
2025-03-07,1054,25.45,623,19.53,4,3,780.64
2025-03-08,3670,12.68,712,41.76,5,3,1002.04
2025-03-09,3711,9.09,255,29.46,6,3,570.12
2025-03-10,1757,9.76,439,23.36,0,3,555.74
2025-03-11,1405,21.38,224,14.27,1,3,685.68
2025-03-12,3116,24.5,970,19.55,2,3,1074.93
2025-03-13,4383,5.45,379,47.97,3,3,554.3
2025-03-14,2312,11.13,721,22.2,4,3,701.75
2025-03-15,2785,27.06,945,16.75,5,3,1390.39
2025-03-16,4619,24.2,968,28.43,6,3,1425.9
2025-03-17,1750,29.55,757,22.28,0,3,790.2
2025-03-18,4219,22.63,827,11.41,1,3,1032.25
2025-03-19,4538,11.8,773,22.93,2,3,846.97
2025-03-20,2762,17.72,227,31.76,3,3,559.93
2025-03-21,4315,19.83,413,32.07,4,3,773.35
2025-03-22,4562,2.35,431,24.26,5,3,831.83
2025-03-23,4920,16.33,249,27.89,6,3,920.38
2025-03-24,4005,21.28,553,48.62,0,3,682.9
2025-03-25,4578,5.02,135,25.09,1,3,560.98
2025-03-26,1364,23.42,784,20.33,2,3,841.37
2025-03-27,3026,17.51,519,19.74,3,3,759.17
2025-03-28,1481,28.57,121,28.31,4,3,502.52
2025-03-29,3248,1.27,305,40.38,5,3,513.55
2025-03-30,1153,7.96,738,18.24,6,3,839.3
2025-03-31,4521,18.05,947,38.37,0,3,1002.95
2025-04-01,2524,8.9,455,10.85,1,4,626.08
2025-04-02,3120,21.43,539,26.76,2,4,737.11
2025-04-03,3760,22.77,828,41.03,3,4,939.42
2025-04-04,3343,3.08,195,23.55,4,4,453.18
2025-04-05,2040,15.42,263,32.55,5,4,598.85
2025-04-06,2664,15.27,247,18.2,6,4,827.21
2025-04-07,2240,11.08,629,39.68,0,4,559.61
2025-04-08,1060,27.99,393,12.09,1,4,735.73
2025-04-09,1938,24.83,294,44.1,2,4,580.33
2025-04-10,2639,20.92,762,17.93,3,4,1005.73
2025-04-11,3089,21.43,579,44.98,4,4,771.01
2025-04-12,1024,13.85,976,24.1,5,4,1053.81
2025-04-13,2062,27.63,222,38.91,6,4,768.63
2025-04-14,4874,20.84,499,22.77,0,4,857.56
2025-04-15,1130,21.87,798,46.24,1,4,629.97
2025-04-16,4569,25.85,551,15.07,2,4,896.9
2025-04-17,2252,8.22,760,17.14,3,4,859.32
2025-04-18,1107,24.21,203,29.72,4,4,452.93
2025-04-19,1171,5.86,854,13.28,5,4,974.92
2025-04-20,2458,10.36,561,17.84,6,4,868.75
2025-04-21,4549,10.07,842,47.75,0,4,822.61
2025-04-22,1101,29.36,817,49.06,1,4,724.04
2025-04-23,3913,25.7,809,25.05,2,4,974.2
2025-04-24,3571,21.04,495,46.93,3,4,685.31
2025-04-25,3322,21.81,436,31.79,4,4,651.15
2025-04-26,2636,16.86,698,20.79,5,4,1043.02
2025-04-27,4115,28.41,241,38.1,6,4,805.52
2025-04-28,3864,14.89,416,36.36,0,4,574.8
2025-04-29,4004,11.42,810,49.57,1,4,746.94
2025-04-30,2040,4.89,657,20.6,2,4,552.97
2025-05-01,1329,23.59,899,36.88,3,5,720.03
2025-05-02,4640,22.03,626,12.08,4,5,1005.54
2025-05-03,4894,11.53,655,14.55,5,5,1162.18
2025-05-04,2520,0.76,500,10.16,6,5,887.79
2025-05-05,4886,25.17,780,49.98,0,5,983.35
2025-05-06,1011,0.34,409,42.09,1,5,216.67
2025-05-07,2341,21.11,594,41.47,2,5,678.16
2025-05-08,4663,29.11,655,30.39,3,5,1015.16
2025-05-09,1215,13.13,709,22.0,4,5,649.64
2025-05-10,1338,7.05,872,16.05,5,5,894.51
2025-05-11,2799,21.15,208,21.39,6,5,794.32
2025-05-12,3708,24.51,894,25.04,0,5,1016.74
2025-05-13,4152,16.39,471,40.25,1,5,640.72
2025-05-14,2750,29.01,954,31.59,2,5,1021.47
2025-05-15,2508,1.55,715,13.1,3,5,665.82
2025-05-16,3421,15.14,867,10.72,4,5,931.85
2025-05-17,4023,21.55,990,14.09,5,5,1477.98
2025-05-18,1709,25.88,305,26.42,6,5,809.32
2025-05-19,2223,5.38,946,47.33,0,5,565.95
2025-05-20,4608,24.0,142,35.5,1,5,678.48
2025-05-21,3513,16.58,964,42.07,2,5,772.6
2025-05-22,2112,11.9,344,28.65,3,5,468.84
2025-05-23,2291,3.95,386,24.47,4,5,463.59
2025-05-24,4726,25.96,454,14.34,5,5,1202.87
2025-05-25,4642,4.72,884,45.04,6,5,951.55
2025-05-26,4993,9.29,575,41.33,0,5,783.13
2025-05-27,1488,8.7,182,16.72,1,5,377.21
2025-05-28,4948,26.14,209,30.49,2,5,862.43
2025-05-29,2561,20.18,289,29.49,3,5,598.37
2025-05-30,1046,23.9,899,35.0,4,5,795.87
2025-05-31,4359,7.51,350,47.85,5,5,644.23
2025-06-01,1777,18.75,823,33.19,6,6,1026.58
2025-06-02,2039,17.15,390,31.61,0,6,453.01
2025-06-03,1710,24.98,744,12.01,1,6,775.33
2025-06-04,1400,27.18,300,12.52,2,6,588.87
2025-06-05,4990,0.36,896,17.49,3,6,833.46
2025-06-06,2817,20.22,425,11.3,4,6,622.25
2025-06-07,4028,1.56,610,39.73,5,6,687.58
2025-06-08,4157,16.47,508,38.93,6,6,904.1
2025-06-09,1249,8.63,706,15.44,0,6,624.74
2025-06-10,1390,9.2,889,43.44,1,6,539.1
2025-06-11,4853,10.59,936,16.19,2,6,913.02
2025-06-12,1334,18.64,607,22.05,3,6,675.56
2025-06-13,1628,10.02,830,19.96,4,6,641.55
2025-06-14,4590,21.98,700,24.89,5,6,1229.84
2025-06-15,1136,12.14,171,20.19,6,6,577.09
2025-06-16,3930,2.05,346,29.56,0,6,476.88
2025-06-17,3735,23.51,740,26.3,1,6,849.7
2025-06-18,4911,8.57,823,49.46,2,6,736.95
2025-06-19,2521,12.98,954,12.24,3,6,917.62
2025-06-20,1826,20.56,707,15.69,4,6,718.9
2025-06-21,1726,9.97,686,12.11,5,6,840.66
2025-06-22,2500,1.7,665,35.03,6,6,575.85
